class,text
O1,一个考虑染色体端粒长度的肿瘤细胞分裂增长模型的定性分析 肿瘤细胞分裂增长模型/染色体端粒长度/算子半群/全局适定性 本研究聚焦于研究一个考虑染色体端粒长度的肿瘤细胞分裂增长模型.在此模型中，肿瘤细胞分成活跃期和休眠期2种状态.将此模型转化为巴拿赫空间的柯西问题后，利用算子半群理论给出全局适定性的详细证明，并给出此模型一致指数稳定的条件.
O1,一类具有潜伏期检测和外源性再感染的随机结核病模型动力学分析 随机结核病模型/潜伏期检测/外源性再感染/Lyapunov函数 为探究潜伏期检测、外源性再感染及环境噪声扰动等因素对结核病传播和控制的影响，研究了一类具有潜伏期检测和外源性再感染的结核病模型在随机扰动下的动力学行为。首先，通过构造合适的Lyapunov函数证明了该模型全局正解的存在唯一性，采用Has’minskii理论及一些不等式技巧给出了遍历平稳分布存在唯一性的充分条件；其次，证明了结核病的灭绝性；最后，通过数值模拟验证了理论结果的正确性。结果表明，增加潜伏期检测比例或降低外源性再次感染率可以减少发展为活动性结核病患者的数量，但环境噪声的存在会导致结核病的控制变得复杂。研究证实了在较大的噪声扰动下可以导致结核病的灭绝，从而有效控制结核病的流行。
O1,具有分段常数参数的Cohen-Grossberg神经网络的全局指数稳定 Cohen-Grossberg神经网络/分段常数参数/李雅普诺夫函数/全局指数稳定性 主要研究了具有分段常数参数的Cohen-Grossberg神经网络的全局指数稳定性，得到了保证平衡点的存在唯一性的充分条件，通过线性不等式方法，并构造适当的李雅普诺夫泛函，提出了系统的平衡点的全局指数稳定性的判据，最后给了一个数值例子验证所得结果的有效性。
O1,"关于*r-clean环 *r-clean环/*-clean环/*-正则环 称对合环为*r-clean环是指环中任一元素都可表示为投射子和*-正则元的和.研究了该环的一些扩张性质,并给出了*-阿贝尔的*r-clean环中元素的刻画."
O1,"通信类研究生数学建模能力的培养与实践 四位一体/数学建模/创新能力/科研赋能 培养高层次科技创新人才是新时代研究生教育的历史使命和责任担当。新工科倡导的“前沿技术引领性”“学科间交融性”“知识体系多样性”和“人才培养创新性”等理念为我国通信类研究生与高端人才的培养提供新思路。针对通信类研究生培养需求,分析通信类研究生能力培养挑战,指出通信类研究生教育仍存在通信系统综合实践能力弱、通信问题数学建模能力不足等问题。基于此,揭示数学建模能力对研究生创新能力培养的支撑作用,探索提出“课程教学-学科竞赛-科研项目-社会实践”四位一体研究生创新能力培养体系,介绍培养中的创新实践以及在学科竞赛、科研创新和人才培养等方面的成果成效。"
O1,基于OWA算子的模糊n-cell数排序方法 模糊n-cell数/有序加权平均算子/排序/权重 针对基于模糊n-cell数的多属性排序问题，提出了一种基于有序加权平均算子(OWA算子)的模糊n-cell数排序方法。该方法首先根据样本数据对评估对象的属性构造模糊n-cell数，其次根据均值将属性按照从大到小排列，然后选取合适的权重向量，应用OWA算子进行信息聚合得到综合模糊n-cell数，接着根据各分量均值得到排序结果。最后，将该方法运用到实例中，并与传统的均值方法进行了比较。结果表明该方法不仅灵活有效，可根据具体情况选择不同的OWA权重来消除部分不合理的情况，使结果更有说服力，还弥补了传统均值方法的不足。
O1,"向量值次线性算子的交换子在变指数Herz-Morrey空间上的加权估计 向量值次线性算子/交换子/变指数Herz-Morrey空间/Muckenhoupt权 利用变指数A_(p(·))权理论及广义BMO范数性质,我们证明了一类向量值次线性算子的交换子在加权变指数Herz-Morrey空间■上的有界性,其中α(·),p(·)和q(·)均为变指数."
O1,向量混合积与四面体体积公式的联系与应用 四面体体积/向量混合积/解析几何 在解析几何中求解四面体的体积，传统的方法是选取一个顶点作为原点，并使用从这个顶点出发的三个不共面的向量，通过计算它们的混合积来得到四面体的体积。然而，实际上只需要从四个顶点中选择任意三个不共线的向量，计算它们的混合积即可求解四面体的体积。提出了一种更加通用的方法，利用向量混合积来求解四面体的体积，并且证明了此方法的准确性。最后，通过一个数值算例来说明这种方法的简便性和有效性。
O1,具有化学引诱剂消耗的Keller-Segel模型的爆破时间的下界 Keller-Segel模型/下界/先验估计 研究了定义在有界区域Ω?R~3上的具有化学引诱剂消耗的Keller-Segel模型，利用微分不等式和文献中的先验估计，得到了方程解的爆破时间的下界.
O1,基于“互联网+”数学公共基础课程建设研究 互联网+/课程建设/工科数学 在“互联网+”背景下，探究工科院校数学类公共基础课程符合国家“十四五”发展教育规划要求，适应新时代发展特色的课程群的建设具有重要的意义。文章以基于互联网技术的“3+4”特色课程建设新模式为着力点，面向沈阳建筑大学一年级和二年级本科生，讨论了数学类公共基础课程群的建设和应用实践，构建了适应工科院校新时代发展需求的特色方向课程群。最后，通过校企合作、数学建模、创新创业建立数学应用实践体系，培养学生的综合素质与创新能力。
O1,高等数学导研式教学探索 高等数学/学习能力/创新能力/导研式教学 传统的教授方式以讲授法为主，欠缺数学思维的锻炼，学习能力和创新能力的培养。“导研式”教学法是以往发现式教学、探究式教学、研究性学习和导学式教学的完善和发展，还教于学，变教为导，变学为研。以等价无穷小量的应用为例，探索高等数学导研式教学模式，提出选取知识模块、框架设计、适量引导的实施策略，变教为导，变学为研，提高学生学习能力和创新能力。
O1,"Maass形式的傅里叶系数在算术级数中的渐近性（英文） 傅里叶系数/Maass尖形式/Rankin-Selberg/L-函数 自守形式理论是现代数论的重要课题.自守形式的傅里叶系数蕴含了深刻的数论性质,其在数论中有许多应用.设f是本原Maass尖形式,λ_f(n)是它在尖点无穷远处的第n个傅里叶系数.结合经典的解析方法和一些本原自守L-函数的性质,本文研究了全模群上Maass尖形式的傅里叶系数在算术级数上的分布性质,得到了相应的渐近公式."
O1,“关注为本采纳模式”对专业混合式教育实施水平的实践研究 关注为本采纳模式/高等数学/混合式教学/实施水平 为了提升高校混合式教学实施水平，以高等数学课程为例，开展了“关注为本采纳模式”对高等数学混合式教学实施水平的实践研究。首先对“关注为本采纳模式”作出了系统的阐释；其次全面分析当前高校混合式教学实施水平，获取混合式教学实施现状及相关情况。在此基础上，坚持可行性、客观性以及实效性的原则，最后通过制定混合式教学实施水平参照标准、建立混合式教学实施水平实践评价体系、修订高等数学混合式教学内容，有效地提升高校学生的学习深度与质量水平。
O1,"一类高维齐次Moran集的Hausdorff维数与上盒维数 {m＿k～d}型齐次Moran集/Hausdorff维数/上盒维数 本文构造一类特殊的高维齐次Moran集:{m_k~d}型齐次Moran集,并得到了满足一定条件的这类集合的Hausdorff维数与上盒维数的表达式."
O1,混合式教学在高职数学教学改革中的运用策略探析 混合式教学/高职数学/教学改革/运用 高职数学是专业课程体系中的基础部分，旨在培养学生数学应用能力及综合素养。当前课程开展中存在定位不准、教法单一以及实践不强等问题。为了适应教学改革的需求，应根据当前情况应用现代教学手段，切实提升课程开展的效果。混合式教学是将线下授课与线上教学二者进行结合，规避了传统教学模式中课堂效率不高、师生互动性较差、学生主动性不强等问题。本文对混合式教学在高职数学教学改革中的运用进行分析论述，并结合实际提出具体策略，以期帮助学生成人、成才。
O1,"修正Kawahara方程空间解析半径的下界（英文） 修正Kawahara方程/空间解析半径/Gevrey空间 本文考虑具有三次非线性项的修正Kawahara方程在解析空间中的柯西问题,首先使用线性和三线性估计得到方程在解析空间G~（δ,s）中的局部适定性和方程解的解析半径持续性.然后利用近似守恒律证明全局结论,方程解的解析半径一致有界,且随着时间变化方程解的解析半径衰减不会超过1/|t|."
O1,职业院校公共基础课德智交融课堂的构建与实践——以数学课程为例 公开基础课/德智交融/内涵特征/课堂样态 课堂教学是落实立德树人根本任务的主渠道，既要讲授文化基础知识，又要加强学科德育。德智交融课堂以落实立德树人根本任务为宗旨，以学习为中心，将德育教育、课程思政与学科核心素养有机融合，培养德智体美劳全面发展的高素质劳动者和技术技能人才。构建德智交融课堂的时代价值包括有利于落实立德树人根本任务，有利于提升人才培养质量，有利于青少年形成正确的价值观。通过恰当介绍学科文化、巧用社会热点问题、创设学科实践活动、学科与专业相融通等策略在公共基础课中融入道德教育。
O1,"OBE教育理念下“数学教学论”课程混合式教学探索 OBE教育理念/高等师范院校/数学教学论 近些年来，高等师范院校“数学教学论”课程为适应基础教育课程改革不断做出调适，但仍存在教学目标不明确、教学资源不丰富、缺乏个性化指导等问题。本文探索OBE(Out Based Education, OBE)教育理念下，从师范生的学习结果、培养目标和毕业要求，反向设计“数学教学论”课程的教学活动和评价标准，并建构“在线教学工具+会议系统”+“线下面授”混合教学模式，整合大学教师和中小学教师的力量，充分利用会议系统的灵活性，及时上传最新、最有针对性的学习资源，并展开讨论和指导，实现双导师一生一问题的有效指导，提高教学效率和学习效果，并带来教、育、学的全新样态。"
O1,"基于有限域上奇异线性空间的(m+1,1)型子空间的结合方案的构造（英文） 结合方案/奇异线性空间/有限域/交叉数 基于有限域上的奇异线性空间,定义X为所有包含一个固定的(m-1,0)型的子空间的(m+1,1)型子空间组成的集合,根据X中任意两个子空间的和的不同类型,构造了一个X上类数为5的结合方案.此外,给出了该结合方案的所有交叉数."
O1,基于大数据的数学建模方法的应用研究 大数据/数学建模/方法/应用 数学建模是一种使用数学方法来模拟和解决实际问题的方法，大数据是一种处理和分析大量数据的方法。基于大数据的数学建模方法则在商业、金融、医疗、社会科学、环境科学等领域都有广泛的应用。基于此，围绕基于大数据的数学建模方法，从该方法的应用意义与基本原则入手，从而对具体的应用实践进行研究，期望能够为数学建模的革新与实践提供有价值的参考依据，使其能够在众多领域中发挥真正的价值。
O1,具有非局部结构阻尼的非自治梁方程的时间依赖拉回吸引子 结构阻尼/收缩函数/时间依赖拉回吸引子/梁方程 利用时间依赖空间上的过程理论，研究具有非局部结构阻尼的非自治梁方程解的长时间动力学行为.首先，用Faedo-Galerkin逼近方法得到解的适定性；其次，利用能量估计得到该动力系统在相应解空间中拉回吸收集的存在性；最后，用共圈技术和收缩函数的方法证明时间依赖拉回吸引子的存在性.
O1,"半群CSP_(n,k)的秩和k方幂等元秩 部分变换半群/k-局部循环群/(k方幂等元)极小生成集/(k方幂等元)秩 设自然数n≥3,P_n和S_n是有限链X_n上的部分变换半群和对称群．对任意的正整数k满足3≤k≤n，令C_k=g_k是X_n上的k-局部循环群且CSP_(n,k)=C_k∪(P_nS_n)，易证CSP_(n, k)是部分变换半群P_n的子半群．通过分析半群CSP_(n,k)的格林关系和幂等元，获得了半群CSP_(n,k)的极小生成集和k方幂等元极小生成集，进一步确定了半群CSP_(n,k)的秩和k方幂等元秩．"
O1,浅谈分析学对人类社会的重要意义 分析学/函数/微积分/人类社会 分析学是近代数学发展过程中产生的一个重要分支。高等数学中时常探讨的诸如极限、函数的导数、微分与积分、无穷级数等问题均属于分析学的范畴。分析学不仅在数学界享有盛誉，其发展过程中蕴含的众多思维方式与理论成果也极大促进了数学体系乃至整个人类文明的发展。本文阐述了分析学起源及发展历程，分析学对人类社会的重要性以及分析学的研究价值，对开展分析学研究具有一定借鉴意义。
O1,"Hilbert C*-模中g-Riesz基的对偶性 Hilbert/C*-模/g-Riesz基/g-框架/对偶g-框架 本文研究Hilbert C*-模中g-Riesz基的对偶性问题.利用算子理论方法,获得了Hilbert C*-模中的给定序列是g-Riesz基且有唯一对偶g-框架的充要条件,g-Riesz基的对偶g-框架是g-Riesz基的充要条件,以及g-Riesz基成为无冗g-框架的充分条件,所得结果进一步展示了g-框架理论在Hilbert C*-模与Hilbert空间中的差异性."
O1,部分外场势垒中具双幂非线性项的非线性Schr?dinger方程驻波解的强不稳定性 部分势/驻波/强不稳定性 研究一类在N维空间中具双幂非线性项的非线性Schr9dinger方程驻波解的强不稳定性.首先，利用Gagliardo-Nirengberg不等式、紧性引理和Brézis-Lieb引理得到驻波解的存在性.再借助不规则的Virial恒等式构造出与方程相关的发展不变流形.最后，通过对发展不变流形的研究获得驻波解的强不稳定性.
O1,高职数学高效课堂教学探讨 高职数学/高效课堂/探讨 随着社会经济的迅猛发展，高职教育在培养实用型人才方面发挥着越来越重要的作用。数学是高职院校学生必修的一门基础学科，由于它逻辑性强，复杂程度高，学生学习起来有一定难度。课堂教学质量对学生的学习有很大的影响，因此，作为一名高职教师，要从学生的实际情况出发，提高其学习的积极性和主动性，采取相应的教学策略来化解学生对数学的畏难情绪，构建高效的高职数学课堂，提高学生的学科素养和实际运用能力。
O1,"几类积图的Sombor指标 Sombor指标/笛卡尔积/直积/强积 Sombor指标是由Gutman在化学图论中引入的一种基于顶点度的新拓扑指标。文章讨论了路P_n与扇图F_m、轮图W_m，轮图W_n与扇图F_m、轮图W_m，扇图F_n与扇图F_m以及棒棒糖图N_(a,b)、杠铃图D_(a,b,c)和风筝图L_(a,b)与完全图K_n的笛卡尔积的Sombor指标，还研究了完全图、路、圈作直积、笛卡尔积、强积的Sombor指标，得出其确切的指标值以及关于积图的Sombor指标的关系式。"
O1,一类肿瘤-免疫模型的稳定性与Hopf分支分析 肿瘤-免疫模型/稳定性/Hopf分支/超临界 考虑一类肿瘤-免疫模型，讨论其平衡点的存在性条件，并利用特征方程分析各平衡点的局部动力学稳定性，证明该模型在相应条件下会发生Hopf分支.通过计算第一Lyapunov系数得出：如果系数不为零，则模型发生Hopf分岔；如果系数小于零，则分岔是超临界的；如果系数大于零，则分岔是次临界的.最后利用数值模拟验证理论分析结果.
O1,"Heisenberg群中带奇异权的最优临界Hardy-Trudinger-Moser不等式 Heisenberg群/奇异权函数/Trudinger-Moser不等式/Hardy-Trudinger-Moser不等式 本文建立了Heisenberg群中有界域和一般无界域上带奇异权的最优临界Hardy-Trudinger-Moser不等式.克服临界Hardy不等式和奇异权函数带来的困难,利用带奇异权的Trudinger-Moser不等式和一些基本估计建立了有界域上一般的带奇异权的临界Hardy-Trudinger-Moser不等式,并通过选取适当的Moser函数得到了最佳常数.最后,利用分割积分区域的方法得到了一般无界域上带奇异权的最优临界Hardy-Trudinger-Moser不等式."
O1,"Sylvester级数展式中例外集的维数 Sylvester级数展式/例外集/Hausdorff维数 在2018年,本文第一作者研究了实数的Sylvester级数展式中部分商的相对增长速度问题,并给出以一般函数速度增长的例外集的Hausdorff维数的下界.本文我们将进一步研究该集合,并精确刻画它的Hausdorff维数.同时作为应用,我们给出以多项式和指数速度增长时,相关例外集的维数结果."
O1,高校党的建设与数学建模工作深度融合研究 党的建设/党建业务融合/数学建模/党对高校的全面领导 本文以扬州科技学院数学科学学院为例，对党建工作与数学建模工作(核心业务工作)的深度融合进行了研究。首先分析了党建工作与业务工作深度融合的价值意义，其次讨论了党建工作与数学建模工作深度融合的方式方法，接着从宏观和微观角度强化了党建工作与数学建模工作深度融合的重点与细节，最后基于2022年度数学建模良好成绩从实践层面验证了党建工作与数学建模工作深度融合的价值意义。
O1,"Banach代数中反三角算子矩阵的Hirano逆 Hirano逆/三幂等元/幂零元/Banach代数 文章主要研究Banach代数上反三角算子矩阵的Hirano逆.假设a∈A~H,b∈A~(sD).如果b~Da=0,bab~π=0,证明了■具有Hirano逆，进而研究了反三角算子矩阵在弱交换条件下的Hirano逆.由此获得了新的可以分解为三幂等元与幂零元和的算子矩阵."
O1,强n-平坦模与强n-绝对纯模 强n-平坦模/强n-绝对纯模/n-凝聚环 引入强n-平坦模与强n-绝对纯模的概念，其中n是正整数或∞.利用同调的方法研究它们的一些基本性质.同时，利用特征模给出强n-平坦模与强n-绝对纯模之间的联系.作为应用，由此给出n-凝聚环的一些新的等价刻画.
O1,"带脉冲的多时滞分数阶阻尼偏微分方程解的强迫振动性 强迫振动性/分数阶偏微分方程/多时滞/脉冲 利用微分不等式方法,在Robin和Dirichlet边界条件下,建立了带阻尼项的脉冲多时滞分数阶偏微分方程解的强迫振动性的一些充分条件,并举出一个实例验证了主要结果的有效性."
O1,茶文化背景下高职数学的教学实践与思考 茶文化/高职数学/教学实践 茶文化中隐藏着丰富的文化内涵与教育潜能。在当前推崇素质教育的社会背景下，教育的目标不再仅是知识传授，而是旨在提升学生的综合素质。高职数学，常被视为枯燥的学科，然而其固有的趣味性却常被忽略。借助茶文化的独特魅力，教育者有机会创新高职数学的教学模式，点燃学生的学习热情，增进文化认同，锻炼逻辑思维，并培育探究精神，帮助学生深入理解数学概念，还有助于培育其多元的思考方式和强化逻辑推断技巧。因此，把茶文化置于教育核心，有望为中国数学教育铺设新的基石，展现新的教育模式。本文探讨了茶文化背景下高职数学的教学实践与思考。
O1,"循环模及有限生成模的McCoy性 McCoy环/McCoy模/循环模/有限生成模 本文研究了McCoy环上的循环模和有限生成模的McCoy性,得到一定条件下, McCoy环上的左循环模是McCoy模,并分别给出了一个McCoy环上的单模均为McCoy模,以及一个非McCoy环上的单模是McCoy模的例子.最后证明在一定条件下,环R上的有限生成自由模是McCoy模的充要条件是环R为McCoy环."
O1,"图的总双罗马控制数的Nordhaus-Gaddum不等式 Nordhaus-Gaddum不等式/总双罗马控制/总双罗马控制数/补图 图的总双罗马控制数在电路图设计、计算机编程和生物工程结构方面具有重要应用价值.论文以总双罗马控制数的上下界为研究对象,通过构造最大顶点子集反向寻找构造总双罗马控制所需的最小顶点子集,并结合反证法探讨图G和其补图的总双罗马控制数上界与其最小顶点度之间的关系.研究结论：当图G及其补图直径均为2时,图及其补图的的总双罗马控制数与图及其补图的最小顶点度之间存在关联,并得到了关于图的总双罗马控制数的Nordhaus-Gaddum不等式的一些结果.研究成果和研究方法为计算连通图的总双罗马控制数上界提供了理论依据,推广了Jager的研究结果,在以后设计在区间图上寻找总双罗马控制数的优化算法及军事规划和工程学、医学等方面都具有应用价值."
O1,Krull整环的Gorenstein同调刻画 Krull整环/w-算子/w-商环/QF-环 从Gorenstein同调代数的角度给出Krull整环新的阐述.应用w-算子，证明整环R是Krull的当且仅当对R的任何非零真w-理想，它w-商环的Gorenstein整体维数都为0.
O1,矩阵求逆方法探究 逆矩阵/Hamilton-Cayley定理/多项式法/Sherman-Morrison公式 矩阵在高等代数中占有很重要的地位，是主要研究对象与研究工具，许多问题最终可化归为矩阵及其运算问题，而矩阵求逆是矩阵运算的核心问题.本文总结了矩阵求逆的常规方法：定义法、伴随矩阵法、初等变换法、待定元素法、公式法、借助计算机求逆之外，给出了几种其它的方法：矩阵分块法、利用Hamilton-Cayley定理、多项式法、利用Sherman-Morrison公式，并辅助例题加以阐述.拓宽了矩阵求逆的方法，为学习、教学提供更多参考.
O1,"具有新颖解的四分量DNLS方程（英文） 广义耦合DNLS方程/达布变换/怪波解/U形波 本文提出了一个可积的四分量DNLS方程,并发现该方程具有有趣的解.例如,它有一个类似孤子-怪波的解,其中的两个分量是孤子和两个分量是怪波.最有趣的是,两个分量怪波呈指数递减.这与经典的怪波非常不同,它是有理或半有理的,并且以|x|~(-n)的速度衰减."
O1,"一类具有接种疫苗和时滞的传染病模型的行波解稳定性研究 霍乱模型/稳定性/非拟单调行波/加权能量法 本文研究一类具有疫苗接种和时滞的霍乱模型的行波解的稳定性,因模型系统不具有单调性,故采用加权能量法证明模型行波解的指数稳定性,且初始扰动只需要在x=+∞时一致有界."
O1,浅析矩阵QR分解的几种方法 分解/Gram-Schmidt正交化/Householder变换/Givens变换 矩阵是一种重要的数学工具，广泛应用于统计分析等应用数学学科中，特别是矩阵分解，在矩阵计算中扮演着相当重要的角色，将大型矩阵分解成简单矩阵的乘积，可大大降低计算量和使用难度。对Gram-Schmidt正交化、Householder变换及Givens变换进行矩阵分解的几种方法进行了讨论分析，并给出了具体算例。
O1,"分数阶p-拉普拉斯抛物方程解的单调性和对称性 移动平面法/分数阶p-拉普拉斯/对称性/单调性 讨论有界域上分数阶p-拉普拉斯抛物方程，应用移动平面法，得到了该方程有界正解关于分变量x_1∈(-∞,0]单调递增，进而证明其关于超平面T_0?{x∈R~n|x_1=0}对称。"
O1,具p-双调和算子的非局部椭圆方程Navier边值问题的广义解 非局部椭圆方程/Navier边值问题/p-双调和算子/变分方法 利用变分方法和相应的临界点定理研究一类具有p-双调和算子的非局部椭圆方程Navier边值问题，在非线性项满足超线性条件时，得到了两个非平凡广义解的存在性定理.
O1,基于犹豫模糊矩阵与变异算子的变电设备故障检修仿真 犹豫模糊矩阵/变异算子/变电设备/故障 为降低变电设备故障检修时的综合风险成本，提出基于犹豫模糊矩阵与变异算子的变电设备故障检修方法。设置犹豫模糊矩阵，提取变电设备振动信号特征，将特征值输入稳定的Hopfield神经网络，分类诊断变电设备的故障；通过基于变异算子的变电设备故障检修优化模型，构建目标为综合风险成本的函数，设置约束条件为电网停电次数为1次、传输功率不越限，获取符合检修目标和约束条件的检修最优方案。实验仿真结果显示：所提方法可优化变电设备故障检修方案，提升变电设备故障诊断效率，保证设备检修的停电次数为每月1次，降低电网综合风险成本。
O1,通识教育理念下应用型大学数学课程教学改革路径 数学课程/教学改革/通识教育/应用型大学 为了培养高素质的应用型人才，文章基于相关背景，从教育观念、教学内容和教学方法三个方面论述了通识教育理念下应用型大学数学课程教学改革路径。
O1,基于新媒体应用的高职数学翻转课堂教学策略探究 新媒体技术/翻转课堂/高职数学/微课视频 随着新媒体技术的广泛应用，高等职业教育迎来了新一轮的教学改革机遇。数学作为许多高职专业的基础学科，其教学质量直接影响着学生的综合素养，有必要运用新媒体技术优化翻转课堂在高职数学教学中的应用策略，强化教学效果。文章首先分析翻转课堂的理念内涵，即重构教与学的过程，指出其具有提高学习主动性、加强互动探究、个性化指导等方面的优势，并剖析高职数学教学中存在的问题，如学生基础不同、学习兴趣缺失、实践能力弱等，阐述翻转课堂在解决这些问题方面具有明显优势。在分类阐述新媒体技术的基础上，文章分析高职教育广泛应用新媒体技术的现状，包括传递内容、创新交流、改革评估，进而结合翻转课堂的环节设计与新媒体技术的功能优势，提出翻转课堂三个环节，即课前自主学习、课中互动探究、课后作业评价的新媒体应用策略：课前阶段，运用微课视频、在线课程、移动APP等新媒体形式碎片化自学；课中阶段，利用交互白板、反馈系统、线上社区等新媒体工具开展师生互动；课后阶段，使用在线作业、电子作业本、学习分析工具等强化过程性评价。文章指明新媒体参与下翻转课堂的技术路径，主张实现从“教师中心”到“学生中心”的转变，旨在为新媒体技术与翻转课堂的深度融合提供理论支撑。
O1,基于模糊数学的高等数学混合式教学效果评价研究 模糊数学/高等数学/教学评价 线上线下混合式教学是当前高校的主要教学方式之一。以高等数学线上线下混合式教学为平台，基于模糊数学原理，对某校小学教育专业高等数学课程的教学效果评价进行研究。确定了线上与线下同步考虑、教师与学生统筹兼顾、过程与结果同等重要的评价原则；建立了课前、课上、课下3个评价指标共9个观测点的一体化评价体系，并设置了各评价指标和观测点的权重。最终构建了基于模糊综合评判决策原理的线上线下混合式教学效果评价模型。
O1,"耦合拟线性扩散方程组Cauchy问题解的渐近行为 耦合拟线性扩散方程组/临界Fujita指标/Fujita型定理 本文考虑一类含有对流项的耦合拟线性反应扩散方程组的Cauchy问题解的渐近行为,得到了临界Fujita指标并建立了Fujita型定理.该临界Fujita指标不仅与扩散项、反应项和空间维度有关,而且还和对流项有关.利用能量积分估计得到方程组解的爆破性;并利用构造方程组的自相似上解和比较原理得到方程组解的整体存在性."
O1,"基于学习通与小班个性化模式常微分方程的教学实践 超星学习通/小班化教学/常微分方程 常微分方程是本科阶段数学专业学生的一门必修课程，被广泛应用于物理、化学、生物、医学等方面，渗透于生活的方方面面。因此学好常微分方程显得尤为重要。将学习通平台与小班化教学相结合的教学模式运用到常微分方程的教学中，充分利用“超星学习通”这一平台，为小班中的每个学生定制个人错题本，针对其易错点，进行“培优补弱”,二者的结合能带来更好的教学效果。"
P1,球体低速斜撞击成坑规律试验研究 成坑效应/低速斜撞击/量纲分析/相似律 通过设计球体发射低速撞击试验装置，系统开展不同角度条件下球体撞击干砂靶成坑试验，定量分析撞击速度、角度对撞击坑型的影响，定性分析球体低速斜撞击干砂靶的成坑过程及机理，修正低速斜撞击条件下的成坑相似律.讨论所修正的相似律在不同撞击条件下的适用性及其在天文学上的应用.试验结果表明，坑型随撞击速度的增加而增大；坑长、坑体积随撞击角度增加而增加，坑宽随撞击角度的增加先减小再增加，坑深随撞击角度的增加先增加后减小；成坑体积可由撞击角度、撞击速度、球体尺寸、球体密度、重力参数进行缩放得到；低速斜撞击成坑过程中动量和能量共同影响耗散冲击过程.
P1,"火星乌托邦平原浅表层结构与物质组成:来自SHARAD雷达数据的约束 火星/乌托邦平原表层物质/粗糙度/介电常数 乌托邦平原是火星北方大平原的重要组成部分,中国“祝融号”火星车着陆在乌托邦平原南部,研究乌托邦平原表层结构和物质组成对于深入认识火星北半球的地质演化历史具有重要意义.本文以乌托邦平原内中亚马逊纪低地单元(mAl)、亚马逊纪和西方纪火山单元(AHv)、晚西方纪低地单元(lHl)、早亚马逊纪盆地单元(eAb)、亚马逊纪火山单元(Av)以及亚马逊纪和西方纪撞击单元(AHi) 6个主要地质单元为研究对象,使用火星轨道器激光高度计(MOLA)、浅表层雷达(SHARAD)和火星小型侦察成像光谱仪(CRISM)数据,计算各个地质单元的地形粗糙度,反演地层结构、介电常数与损耗角正切,并估算浅层物质组成、识别矿物类型,依此推演乌托邦平原的地质演化历史.结果表明,(1) AHv和Av地质单元表层物质是火山熔岩,其余地质单元表层物质属于北方荒原物质(VBF);(2) AHv和Av地质单元火山熔岩的厚度约为50 m, mAl, lHl, e Ab和AHi地质单元VBF的厚度约为71–96 m, 82–92 m, 121–141 m, 57–64 m;(3)在3 km×3 km的均方根高度计算窗口内, AHi地质单元地形最为粗糙, AHv和Av地质单元表面地形由火山作用主导, l Hl地质单元表面风化和沉积作用明显, mAl地质单元的粗糙度与lHl地质单元同纬度粗糙度特征相似, e Ab地质单元地形平坦,主要受沉积作用影响.区域地质作用是各地质单元次表层结构与表层物质形成的关键因素,火山、构造、撞击、沉积和风化作用对各地质单元具有不同程度的影响,本研究从多角度分析了各地质单元经历的地质过程,可以为“祝融号”火星车巡视区表面土壤成分以及来源认识提供背景信息,有望为研究乌托邦平原复杂的地质过程提供有效约束."
P1,"脉冲星J2313+4253的周期性消零和奇偶调制特性的研究 脉冲星/单脉冲/消零 脉冲星子脉冲的强度调制特征对揭示脉冲星辐射过程和磁层几何具有重要意义.前人研究表明,PSR J2313+4253的单脉冲序列具有44倍和2倍自转周期的强度调制.其中2倍周期的调制周期被称为奇偶性调制,其物理起源并不清晰.本文利用佳木斯66 m射电望远镜的观测数据,对脉冲星J2313+4253在2250 MHz的单脉冲辐射特性进行了详细研究.通过相位分离涨落谱(LRFS)、谐频分离的涨落谱(HRFS)和二维涨落谱(2DFS)的分析方法,发现PSR J2313+4253的奇偶性调制来自于其短周期子脉冲漂移,并且调制现象展现出了时间依赖性.分析表明,旋转木马模型下,奇偶性调制可能起源于脉冲星火花放电过程中,辐射区子辐射束间边界不清晰而发生的混叠效应."
P1,复兴路上的科学家精神——新时代·新青年  中国科学院理论物理研究所彭桓武粒子物理与宇宙学突击队：集体  集体  集集体，日新  日新  日日新 彭桓武/宇宙学/粒子物理/突击队 中国科学院理论物理研究所彭桓武粒子物理与宇宙学突击队（以下简称“突击队”）现有成员12人，平均年龄44岁，其中中共党员8人；其攻关任务为研究暗物质暗能量本质及通过引力波研究黑洞及早期宇宙的性质。突击队以彭桓武院士命名，时刻牢记以国家安全和发展为己任，秉承“集体集体集集体、日新日新日日新”的科研思想，旨在传承老一辈科学家精神、践行新时代科学家精神。
P1,擘画寰球：大航海与欧洲宇宙学 大航海/宇宙学/欧洲帝国 宇宙学是大航海时代在欧洲兴起的一门科学。15、16世纪的大航海，不仅使欧洲海船的航迹从本土海域转向了全球海洋，而且新的发现给欧洲人的世界观造成了革命性的影响。在此背景下，宇宙学逐渐科学化，并在西班牙、葡萄牙、意大利、德意志等地蓬勃发展和广泛传播。宇宙学的革新涉及方法论、研究者与研究内容等多方面，其解释模式由此摆脱了对古典文献的依赖，成为一门基于经验的实证科学。宇宙学的科学化满足了解释航海新发现的时代需求，同时因其在航海探险与殖民扩张中的实用功能，从而成为具有战略意义的知识工具，服务于欧洲帝国海外扩张的需要。
P1,"敦煌历序中的时日宜忌申论 敦煌具注历日/历序/时日宜忌/修造动土 敦煌具注历日中，历序不仅是历日的组成部分，而且还是历日的总则和纲领，总体上起着提纲挈领的作用。从形而上的角度来说，历序要强调历法学“敬授民时”的性质，历日的编纂要遵行天道自然规律，反映四时节气推移，感知物候变化，体味阴阳纲纪和万物造化根源；从形而下的层面来看，历序又始终基于本年神煞活动的时间和方位规律，“检吉定凶”,提醒人们谨慎行事，远避神煞，防范各种时日杂忌，为民众准确理解历日的时间属性以及在此基础上安排人们的日常社会生活提供指南和依据。总括言之，历序既为历日之总则和锁钥，对于解读历日的社会文化意涵起着不可或缺的作用。"
P1,"绸缪束楚，三星在户：《夏小正》岁首星象考 夏小正/岁首/参宿/历法 历法的发展历程，最早是物候历，其次是观象授时的星象历，最后才有基于天文观测而推算确立的成熟历法。物候历时期，根据特定物候现象确定新年的日期；星象历时期，则根据特定星象的出现确定新年的日期。《夏小正》反映了中国古代历法从物候历到星象历的过渡，它记载一月星象“初昏参中”,表明当时是以参宿昏中为岁首星象，作为新年到来的标志。甲骨学研究证明，商代历法是以大火星黄昏南中天的夏历五月作为正月，夏主参星、商主大火的传说即反映了夏人以参星昏中为岁首星象、商人以大火昏中为岁首星象的纪时传统。"
P1,"海上丝路与中国天文历法在日本的传播及影响研究 海上丝路/天文历法/传统科技/中日交流 经过海上丝路有大量汉文科学典籍传入日本并产生了重要的影响,天文历法知识是其中重要的一个方面。文中通过史料调查和实证考察,探索了魏晋南北朝时期,中国天文知识传日背景;研究隋唐时期,随着海上丝路的发展,日本留学生(僧)把中国天文知识传至日本的详情,尤其考察了唐历《宣明历》在日本使用八百多年之久的缘由;继而分析了宋元明时期,中国传统天文历法持续传日,并对其传统学术建构产生的深远影响。结论认为研究中日传统天文历法的关联性,不仅有助于认识海上丝路文明对日本传统科技的影响,对提升中华传统文化的国际传播力和影响力也有一定的借鉴意义。"
P1,一种过零单边干涉图加权切趾函数对太阳观测中傅里叶变换光谱的影响分析 傅里叶光谱仪/过零单边干涉图/奇次多项式非对称加权切趾函数 傅里叶变换光谱仪(FTS)因其出色的光谱分辨率而广泛用于太阳活动的观测。在使用过零单边干涉图进行光谱复原时，可能会出现频率泄漏、旁瓣效应以及对零光程差附近的采样数据重复利用，从而导致光谱线的平滑和畸变等问题。为了获得更准确的太阳光谱数据，必须对过零单边干涉图进行加权和切趾操作。对此，文章采用了一种奇次多项式非对称加权切趾函数来处理过零单边干涉图，并探讨了使用不同的切趾函数构建非对称加权切趾函数进行光谱恢复的效果。模拟数据实验的结果表明采用奇次多项式非对称加权切趾函数可以有效地恢复光谱。此外，与Griffiths、相里斌以及SP. Davis提出的加权切趾方法相比，文章中提出的方法表现出较小的误差。最后，将所提出的方法应用于Bruker IFS-125HR FTS采集的干涉图数据，与其他切趾方法相比，使用文中提出的方法可以有效地恢复光谱。
P1,"星暴矮星系NGC 5253周围的中性氢气体分布 星系相互作用/恒星形成/中性氢气体/NGC/5253 中性氢(HI)气体是恒星形成的基本物质，驱动着星系的演化。对于星暴矮星系NGC 5253,过去的研究利用射电干涉阵观测到的HI气体呈不对称分布，向东北方向延伸约7 kpc。这一延展结构可能表明NGC 5253与其附近的旋涡星系M 83之间存在动力学联系。为研究这两个星系之间可能存在的HI气体连接，从绿岸望远镜获得了射电L波段对NGC 5253周围的HI成图数据，探测到NGC 5253和M 83之间可能存在的7个HI气体云团。这些HI气体云团候选体主要分布在东北方向，由NGC 5253延展至距离超过60 kpc外。这些气体云团可能在触发矮星系NGC 5253剧烈的恒星形成活动中发挥重要作用。"
P1,"火星全大气模式与沙尘活动模拟研究:回顾与展望 火星全大气模式/数值模拟/火星沙尘暴/火星多圈层耦合 基于火星全大气模式的数值模拟研究有助于深入理解火星陆面-大气-空间环境多圈层相互耦合过程,是当今国际研究热点.模式对整个火星大气区域气象要素的描述亦可作为保障火星探测活动顺利开展的重要参考依据.沙尘活动显著影响着火星气候与天气变化,也对火星表面探测器可造成巨大安全威胁.对沙尘活动及其影响完善的模拟是目前全大气模式开发与研究工作中的重点之一.本文回顾了火星全大气模式的发展历程,概述了其构建方法,总结了相关科研成果,多角度论述了自主发展火星全大气模式的重要科研与工程价值,建议以火星沙尘活动为重点研究方向,牵引我国火星全大气模式的自主研发.模式的开发与应用涉及行星科学、空间科学、大气科学、计算机科学多领域协同合作.其开发过程势必带动我国行星科学全面发展,为相关研究领域积累经验、储备人才."
P1,擦亮“地球巨眼” 地球 “地球巨眼”首台中频天线吊装完成，标志着由中国牵头、中国研发、中国建造的中频天线将有力帮助SKA项目“看得更清、看得更快、看得更远”。宇宙中的星系历经了怎样的演化？地外文明是否真的存在？为了找到答案，我国和澳大利亚、英国、南非等20多个国家合作，启动了被誉为“地球巨眼”的SKA（平方公里阵列射电望远镜）国际大科学工程。
P1,重新审视那个著名的黑洞 重新审视 天文学家反复研究M87星系中的那个超大质量黑洞后证实，它仍旧符合爱因斯坦理论的预测。你好，黑暗，我们的老朋友，又来看你了。M87是一个距地球5500万光年的巨大星系，它的中心是一团直径380亿千米、质量相当于65亿个太阳的黑暗——那是通往无尽的暗门，还有一个大家耳熟能详的名字，“黑洞”。2017年，负责操作事件视界望远镜（实质是一张分布遍及全球的射电望远镜网络）的天文学家团队得到了M87星系中心黑洞的照片，这也是人类有史以来得到的第一张黑洞照片。
P1,火星的高氯酸盐之谜 高氯酸盐 火星上的高氯酸盐是如何形成的？它对未来人类探索火星有何用处？科学作家蕾切尔·布拉齐尔整理大量资料并解读了火星高氯酸盐的谜题。美国宇航局（NASA）1976年的海盗号任务将两个着陆器发送至火星表面以寻找生命迹象。着陆器开展的实验包括：1）向土壤样本里添加14C标记的液体养分，看是否有14C标记的气体释放，若是，表明存在代谢活动；2）使用气相色谱法检测任何从土壤样本中释放出的物质。第一个实验检测到14C标记的气体，第二个实验则检测出了氧气。
P1,詹姆斯·韦布空间望远镜发回了最新的星系照片 韦布空间望远镜 2024年1月，美国宇航局詹姆斯·韦布空间望远镜（JWST）项目组发布了这架望远镜拍摄的最新照片。这些照片在近红外波段和中红外波段展示了多个漩涡星云的细节，分辨率之高令人叹为观止。对比这些新照片与美国宇航局其他空间望远镜——比如主要在可见光和紫外波段工作的哈勃空间望远镜（HST）——此前拍摄的作品，JWST展示了多个星系此前未见的结构和元素。JWST拍摄的红外照片让每个星系旋臂内的发光带和尘埃云格外醒目。这些新照片也是一个叫作“邻近星系高角分辨率物理学”（PHANGS）的长期计划的一部分。
P1,蜀道与阆中略论 北上蜀道/聚焦阆中/天文学 从巴蜀大盆地生命史的整体观出发，可看到巴蜀民众在发展对外交通方面的努力，由此形成的东南西北4条“蜀道”，对巴蜀民众走出盆地，乃至走向世界，都有重要贡献。其中北上中原的路线是最早发挥重大作用的蜀道。它位处陈仓道与嘉陵江水道交汇枢纽的阆中，既凝聚着巴人的生命史和所创造的文化内容，又呈现出华夏历史文化发展进程的众多阶段的特征。
P1,磁荷对Hayward-Anti-de Sitter黑洞的全息互信息的影响 全息互信息/纠缠熵/磁荷/AdS黑洞 Hayward黑洞是爱因斯坦引力非线性耦合一个携带磁荷的电磁场的解析解，是非线性磁单极子引力场的简并结构。一般情况下，黑洞的内部会存在奇点，而“非奇异”黑洞是一种内部没有奇点的黑洞。Hayward黑洞属于非奇异黑洞，此规则黑洞的对称性由磁势决定，带磁荷和不带磁荷的黑洞具有不同的微观结构。利用纠缠熵讨论磁荷对非奇异Hayward-Anti-de Sitter黑洞中全息互信息的影响。结果表明，随着条带宽度(子区域)的增加，2个渐进子系统纠缠增大，且全息互信息随磁荷的增加而降低。除此之外，存在临界磁荷使得全息互信息为零，此时对偶的子区域之间不存在纠缠，磁荷取不同值时，全息互信息消失的条带宽度临界值是不同的。
P1,基于改进ResNet算法的太阳黑子分类方法研究 太阳黑子/ResNet/空洞卷积/残差连接 文中提出一种基于改进的ResNet的太阳黑子图像分类方法，该方法在ResNet的基础上引入了空洞卷积和残差连接等技术，增强了训练模型的特征提取能力以及感受野。在模型训练过程中，采用交叉熵损失函数和SGD优化器进行参数优化，以提高模型的准确性和泛化能力。其中深度可分离卷积被用于替代传统的卷积操作，以减少模型的参数量和计算量。最后，在太阳黑子图像分类的公共数据集上进行实验评估。实验结果表明，提出的基于改进的ResNet模型在太阳黑子图像分类任务上表现出较高的准确率和鲁棒性，相比于传统的ResNet模型，可以取得更好的分类效果。该方法为太阳黑子图像分类提供了一种新的思路和技术方案，对于太阳活动预测和环境监测等领域具有重要意义。
P1,"火星探测:黄钾铁矾原地K-Ar定年 火星/黄钾铁矾/原地K-Ar定年/氩扩散 为了更好地确定火星不同地形所记录的气候变化的时间尺度,确定火星历史上重大事件的绝对年龄,并校准陨石坑率,需要从火星原地或从返回样品中获得精确的年龄数据.原地K-Ar定年是目前比样品返回更为实用的一种精确远程定年技术.黄钾铁矾(KFe_3(SO_4)_2(OH)_6),是火星上广泛存在的唯一一种通过就位探测、轨道遥感探测、陨石研究三种手段都确定存在的含钾硫酸盐矿物,它已被用于K-Ar和~(40)Ar/~(39)Ar精确定年.火星上黄钾铁矾的保存提供了火星上含水过程的性质和持续时间的信息,不同年龄的黄钾铁矾能有效地解读火星历史上地表水流动时期及过渡到当前干旱气候之间的演变历史.本文总结了近年来火星上黄钾铁矾存在的区域、矿物学特征、在火星上的稳定性、原地K-Ar定年的研究现状、黄钾铁矾氩扩散动力学等,探讨了黄钾铁矾原地K-Ar定年的关键科学问题、火星采样返回需求、未来研究方向等."
P1,"科学家发现热核爆炸超新星晚期的尘埃形成与演化现象 形成与演化/热核爆炸 近日,中国科学院紫金山天文台与国家天文台,联合对Ia-CSM类超新星SN2018evt晚期的光学与中红外多波段观测信号开展了研究,通过分析超新星爆炸后几年内的中红外测光数据,见证了热核爆炸超新星晚期的尘埃形成与演化现象。结合激波消融星周尘埃、星周尘埃和新生成尘埃的热辐射等物理过程,SN2018evt晚期的中红外流量超出得到了解释。2月9日,"
P1,面向天文多普勒差分测速的太阳/行星光谱对生成方法 天文导航/测速导航/太阳/行星光谱对/生成对抗网络 为了提供天文多普勒差分测速所需的同步太阳/行星光谱对，提出了一种变分自编码器（VAE）和对偶生成对抗网络（Dual GAN）相融合的VAE-Dual GAN。首先，实测太阳光谱经过VAE编码到隐空间，实现了光谱到光谱域的扩充；然后，由Dual GAN将隐空间映射到伪行星光谱；最后，利用伪行星光谱生成重构太阳光谱。此外，利用编码和生成重建损失加强对网络的约束。VAE-Dual GAN利用Dual GAN的转换学习能力完成了两个光谱域的转换，生成同步太阳/行星光谱对。实验结果表明，VAE-Dual GAN可生成高质量的太阳/行星光谱对，将天文多普勒差分测速精度提高60%以上。
P1,"冰晶石-月壤熔盐体系初晶温度的研究 冰晶石/月壤/熔盐/初晶温度 冰晶石熔盐电解法可实现月壤原位利用制备金属和氧气，研究冰晶石-月壤熔盐体系的初晶温度对电解槽稳定运行具有重要意义。本文以火山渣和玄武岩复配的NEU-1月壤仿真样为原料，与冰晶石、CaF_2混合配置电解质，将其作为待测试样，利用差热分析法测量了不同月壤仿真样添加量、不同分子比的冰晶石熔盐体系的初晶温度。结果表明，当分子比为2.2时，随着月壤仿真样添加量从0%增加至24%,冰晶石熔盐体系的初晶温度从974.9℃降低至932.0℃;每添加1%的月壤仿真样，冰晶石熔盐体系的初晶温度降低约1.79℃;当月壤仿真样添加量为8%时，随着分子比从2.2升高至2.7,冰晶石熔盐体系的初晶温度从960.0℃升高至979.4℃。"
P1,学思实践的科普活动——以天文热门议题为例 探究与实践/折光谱仪/黑洞/动手做 主要分享以单次或多次的天文科普活动介绍黑洞，通过动手制作纸折光谱仪，获得科学研究工具，并配合基本知识，培养学生在科学概念认知以及基本知识的学习；通过纸折光谱仪延伸课后自我学习的机会，希望达到随时随地都能进行科学实验、进行科学研究的目的。
P1,FAST开启发展新阶段“电波卫士”全力保驾护航 发展新阶段 作为人类探索浩瀚宇宙、研究广袤太空的一大利器，有着“中国天眼”之称的500米口径球面射电望远镜（FAST）在世界上一直广受关注。中国科学院国家天文台FAST运行和发展中心科学观测与数据部主任朱明在2023数博会FAST科技成果展示活动中指出，FAST已开启了“多出成果”“出好成果”的新阶段。在这背后，无线电管理工作功不可没。
P1,70米射电望远镜滚轮组合的制造与安装 滚轮组合/加工与装配/安装与检测/激光跟踪仪 70m射电望远镜的方位转动依靠滚轮组合在轨道面上的滚动，为使其能够高精度准确指向被观测天体和航天器，依据滚轮组合的高精度安装要求，依次从加工与装配、安装与检测两个环节一一保证。首先，分析滚轮组合的结构组成以及运动原理；然后，分别控制滚轮轴与箱体的加工精度以及二者装配时的精度，保证了滚轮组合的加工与装配；现场通过激光跟踪仪检测、专用工装调整，保证了安装精度，经实际使用满足设计要求。
P1,"封面说明“羲和号”太阳Hα波段光谱成像 封面说明/光谱成像 封面图片为我国首颗探日卫星——“羲和号”拍摄的太阳Hα波段光谱成像。“羲和号”全称太阳Hα光谱探测与双超平台科学技术试验卫星,于2021年10月14日发射成功,目前在轨稳定运行。它实现了国际首次全日面Hα波段光谱扫描成像,可在46 s内扫描全日面,像元光谱分辨率达到0.024?,空间分辨率达到1.2 arcsec。"
P1,火星探测器进入过程防热层温度测量方法 火星进入过程/温度传感器/柱塞式结构/U形结构 火星探测器进入过程中的防热层烧蚀温度是防热结构设计和气动热环境辨识的关键参数之一。为了满足防热层温度在轨测量的需求，提出采用柱塞式结构大底分层测温探头和U形结构背罩测温探头，与电缆和多通道温度变换器共同组成温度传感器进行在轨测温的方法。设计内容包括测温探头热电偶元件选取、结构形式和安装方式，以及信号集中放大变换和自动冷端补偿等。开展全量程标定和风洞专项试验验证，证明所设计的温度传感器可以实现1300℃以下烧蚀温度变化全过程测量，测量精度达到0.28%。该温度传感器已在我国首次火星探测任务“天问一号”探测器的着陆巡视器上成功应用，可为进/再入航天器烧蚀温度在轨测量的实施提供借鉴和参考。
P1,天问一号研究成果揭示火星气候转变 气候/火星 在太阳系的行星中，火星与地球最为相似，火星的现状和演化历程，被认为可能代表着“地球的未来”，因此，针对火星气候演化的探测研究长期以来备受关注。风沙作用作为火星晚亚马孙纪以来最主要的地质营力，塑造了火星表面广泛分布的风沙地貌，沉积、记录了火星演化晚期和近代气候环境特征和气候变化过程。但由于缺乏就位、近距离详细系统的科学观测，人们对火星风沙活动过程和记录的古气候知之甚少。
P1,FAST探测到纳赫兹引力波存在证据 引力波 由中国科学院国家天文台等单位科研人员组成的中国脉冲星测时阵列研究团队，利用“中国天眼”（FAST），探测到纳赫兹引力波存在的关键性证据，表明我国纳赫兹引力波研究与国际同步达到领先水平。相关研究成果于2023年6月29日在我国天文学术期刊《天文与天体物理研究》在线发表。2023年12月14日，相关成果入选《科学》2023年度十大科学突破。
P1,趣闻 nan 10家央企签订倡议书：将主动向社会开放人工智能应用场景2月19日，国务院国有资产监督管理委员会（以下简称国务院国资委）召开“AI赋能产业焕新”中央企业人工智能专题推进会。国务院国资委党委书记、主任张玉卓在会上讲话强调，要深入学习贯彻习近平总书记关于发展人工智能的重要指示精神，推动中央企业在人工智能领域实现更好发展、发挥更大作用。
P1,精密(量子)测量时代下时空基准研究中的关键科学问题和核心技术 量子/精密测量/时空基准/发展战略 基于第316期双清论坛“精密(量子)测量时代下时空基准研究”会议内容，本文总结了我国在精密(量子)测量时代下时空基准研究所面临的国家重大需求，回顾了时空基准在国际国内的发展历程以及我们面临的挑战，凝练了该领域未来5～10年的重大关键科学问题和核心技术，建议在时空基准理论与方法、关键技术和设备研发、时空基准应用等相关领域重点攻关，并就科学基金重点资助项目给出了建议。
P1,"日照对大型天线反射面面型误差的影响及修正方法 大型天线/反射体/日照/热变形 大型天线口径大、精度高、结构复杂且长时间在室外工作,日照对天线反射体产生非均匀、实时变化的热变形误差对天线电性能的影响日益突出.本文以景东120 m天线为具体研究对象,通过有限元方法计算在不同的观测姿态和日照环境下天线反射体的非均匀温度分布及其变化规律,探讨主反射面面形在实时变化日照影响下的演变规律,并针对面形非均匀热变形的实时误差开展补偿研究.结果表明,受太阳东升西落的影响,改变天线观测方位角可影响反射体温差变化达4°C,改变天线俯仰角可影响反射体温差变化达1.5°C,说明相同日照环境下,观测方位角对反射体的热影响更大;天线结构热变形在一天中呈现时变性与非均匀性,其中14时的变形量最大.受日照年度变化的影响,改变天线观测方位角将影响反射体温差呈增大、减小再增大的变化规律,其中夏季中午温度标准差最小,为0.1;对应地,反射体热变形全年呈增大、减小再增大的变化规律,其中冬季热变形最大,达2.6 mm,其余季节最大为2 mm,说明冬季日照对天线反射体的热影响更大.基于反射体热误差变化规律,引入误差耦合原理,分析反射体热变形误差,并通过馈源调整机构实现补偿.本文提出的反射体热变形仿真技术及馈源补偿方法可为提升大型天线指向精度提供理论基础与技术支持."
P1,"基于容器化的快速射电暴搜寻GPU并行优化 快速射电暴/容器化/进程级并行优化/GPU聚合 【应用背景】快速射电暴（Fast Radio Burst, FRB）搜寻是500米口径球面射电望远镜（FAST）的重要科学目标之一，其计算复杂度高，数据量大，当前算法GPU利用率偏低，数据处理需较多的人工介入操作。【目的】在不修改算法实现的前提下，实现进程级GPU并行优化，提高GPU整体资源利用率，简化算法运行调度，支持利用自动化脚本驱动计算过程。【方法】利用容器化封装FRB搜寻算法，结合GPU聚合技术实现多个FRB搜寻计算容器的多进程并行，支持GPU闲时复用。通过容器化封装屏蔽了GPU调用、依赖库管理等技术细节，减少人工介入操作。【结果】算法实验结果表明，在不修改原始算法、不增加GPU资源的前提下，将单GPU绑定6个计算进程，并行优化可实现FRB搜寻算法的加速比达到5.3，并行效率达到0.88，取得良好的并行效果。【结论】基于容器化封装及进程级GPU聚合的并行优化，可实现GPU利用率及计算效率的提升，有效支持自动化处理。该方法还具有良好的通用性，可适用于类似应用的并行优化。"
P1,科学还是神话?——再探菲洛劳斯天体系统的定性问题 菲洛劳斯天体系统/古希腊天文学/毕达哥拉斯学派/古典学 菲洛劳斯天体系统到底是一个科学系统还是神话系统，是此前的古典学、科学史及哲学史研究者围绕该系统所争论的核心问题之一。学者们之所以对该问题持有不同见解，主要基于对其中两个分问题的不同认识，即中心火和对地的引入到底是基于现象还是理论。经考释，菲洛劳斯设置中心火的根本出发点是“有限—无限”哲学理论，但借此天体也可解释两种重要天文现象。而与既往众多研究者认知相反的是，虽然无法排除其迎合神秘数十的动机，但对地确可有效解释日月食频率差异的现象。若以古希腊天文学史的视角来看，菲洛劳斯系统虽包含哲学与神秘元素，但本质上属于早期希腊天文学系统，而非所谓的神话系统。
P1,"寻找暗物质的“悟空号”入选中宣部2023年主题出版重点出版物名单 主题出版/出版物/中宣部 认识一颗探索宇宙起源的科学卫星开启一次空间科学解密之旅《寻找暗物质的“悟空号”》是一本向大众讲解暗物质粒子探测卫星“悟空号”的科普图书,本书整合中国科学院国家空间科学中心提供的一手资料,由青年天文科普团队EasyNight负责编写、绘制,把卫星的探测原理和制造过程讲解得清晰易懂,不仅帮助读者打开认识浩瀚宇宙的另一扇大门,更体现了我国科学家的不懈探索精神,展示了我国科技工作者攻坚克难所取得的伟大成就。"
P1,火星表面上升轨迹映射伪谱凸优化方法 火星上升/Chebyshev伪谱法/凸优化 针对火星表面上升轨迹优化问题，提出了映射Chebyshev伪谱凸优化方法。首先采用无损凸化方法对火星表面上升燃耗最优问题进行凸松弛，然后将凸化后的问题在映射Chebyshev-Gauss-Lobatto点处离散，利用重心有理Lagrange插值技术进行插值，最后使用序列凸优化方法迭代求解，得到数值最优解。仿真对比了本文方法、一般伪谱凸优化方法和经典的序列凸优化方法，证明了本文方法在计算效率方面存在优势，并有效改善了标准Chebyshev微分矩阵的病态特性。
P1,外螺旋式月球极区采冰与冰屑运移仿真研究 极区采冰/外螺旋/冰屑运移/EDEM仿真 针对月冰钻采多点位重复采集问题，提出一种基于深槽螺旋钻具通过外螺旋方式采冰方案。研究冰屑颗粒在钻采过程中的输送特性，建立冰屑颗粒受力、速度数学模型并推导出临界转速表达式，基于EDEM仿真研究不同螺旋转速对冰屑运移特性的影响。研究结果表明：螺旋转速为600 r/min时，冰屑颗粒平均轴向速度较之前提升25%；冰屑颗粒平均轴向速度仿真值与理论值相对误差在12%以内。以上研究成果可为月球极区采冰装置的设计提供借鉴。
P1,如何在两个黑洞间建造热机：从2023年CPhO决赛题说起 黑洞热力学/全国中学生物理竞赛/霍金辐射/有限系统热力学 2023年全国中学生物理竞赛决赛理论第五题涉及黑洞热力学.本文在介绍黑洞热力学基本背景的基础上，结合笔者的研究经验，分析黑洞间热力学循环的特征，最后概述与此相关的有限系统热力学与统计物理领域的部分前沿问题的研究进展.
P1,Physics Magazine 2023年度亮点 Physics/Magazine/2023 追踪怪物引力波2023年最大的突破之一是发现了我们银河系正在一个巨大的引力波海洋中扬帆远航，这些引力波的周期在几十年的时间尺度中飘摇。四个射电望远镜研究组独立地捕捉到了频率为纳赫兹的波，通过记录来自“宇宙灯塔”脉冲星的脉冲到达时间的微小变化而获得，从而提供了引力波存在的证据。对这些波最有说服力的解释涉及到来自另外一个星系的一对超大质量黑洞。
P1,第一次秘密小行星任务不会是最后一次 小行星 宇航车间公司想要开采一块太空岩石，但这家公司并不想竞争对手知道究竟是哪一块。在过去几代人的时间跨度内，各个国家的空间任务很大程度上都是公开开展的。即便是我们普通人也知道他们要去哪儿，为什么要去那里，以及计划做哪些事儿。不过，世界即将迎来一个崭新的时代。在这个时代中，私人资本的意志将凌驾于这类公开性之上，因为他们投入的巨额资金存在极大潜在风险。
P1,"天文学史中图像符号的叙事价值——以中国古代星图为例 天文学史/图像叙事/符号/中国古代星图 当前,学科的交叉融合已经成为不可替代的研究范式,随着视觉文化材料的不断涌现,图像艺术已逐渐进入文史研究的视野当中。中国古代星图是建立在古代天文观测后所产生观念基础上的形而上学产物,通过演绎神圣形象、星体图形、方位关系等视觉特征来描述各图像符号的所指,进而为其叙事功能的展开提供了能指的意义指向。文章指出,星图中各图像符号有着强于言语的模仿与再现功能,其表征性和共时性特点在演绎天文学史上也有着显著优势。图像符号不仅具有叙事性的历史价值,更促进了自然科学图像研究与人文社会科学之间的互动,这对于我们今天重建艺术与天文学科间的互动关系具有重要的启示意义。"
P1,北宋元祐水运仪象台昼夜机轮有几重？——《金史·历志》“浑象”篇的史料价值 《金史·历志》/浑象/水运仪象台/文本生成 今本《金史·历志》附载“浑象”篇，有学者认为乃是元朝史官主要抄取苏颂《新仪象法要》而成。但若仔细分析不难发现，其实这篇“浑象”的生成过程颇为复杂：它最初可能是出于金朝司天台官员研究复原北宋元祐水运仪象台时参据苏颂《新仪象法要》等书而撰成的说明记录，后被金章宗朝司天台长行张翼收入《天象传》，元初此书被献入史馆，最终为元末修《金史》所采用，其中的“浑象”内容被抄取出来，增以金事，稍加编纂，最终呈现出《历志》“浑象”篇的面貌。其所记北宋元祐水运仪象台昼夜机轮五重，与苏颂原书所载八重机轮明显不同，可能反映的是元祐所制铜仪象减去三重夜间报时装置的事实，具有独特的史料价值。
P1,并进与脱节：康熙后期“制历”与“制图”关系浅析 经纬度测量/大地测量/编订历法/测量人员 在康熙后期，国家几乎同时组织进行了两个大规模的科学活动——《皇舆全览图》的测绘和《历象考成》的编纂，二者都测量了地理经纬度。将出于地图测绘目的和天文历法目的的经纬度测量放在同一个时间轴下，对二者关系进行考察，可以发现康熙后期的大地测量与历法改革是交织在一起的，相互影响，但制图和制历两项活动又存在“脱节”：经纬度测量的精度在提高，两个活动却未完全共享一套测量数据；当时可能有两个独立的测绘团队，并且在测量后期，边疆的敏感区域由中国人主导测量。
P1,"西藏太阳光谱全年变化特征 西藏/太阳光谱/观测/太阳能 精确观测地面太阳光谱能为反演大气环境、利用太阳能资源、保护植物生态等提供实地数据。对比目前卫星和地面观测结果显示由于海拔高、空气稀薄等因素西藏是地球上瞬时太阳辐照度最强的地区之一，观测西藏太阳光谱变化特征对研究强辐射环境下人类健康、生态变迁、太阳能利用等诸多领域具有独特的意义。2020年—2021年利用德国RAMSES-ACC-VIS光谱仪和加拿大SolarSIM-G高精度光谱仪对西藏五个高海拔地区(拉萨、林芝、那曲、日喀则、定日)进行了为期一年的太阳光谱观测研究。首次获得了西藏多地完整一年的太阳光谱实地数据，记录了每隔一分钟全天太阳紫外线、光合有效辐射和红外辐射光谱变化特征。分析研究了西藏各地全年日平均太阳光谱特征，发现全年日均最高光谱峰值1.12 W·m~(-2)·nm~(-1)出现在波长477.30 nm处。研究了西藏典型高原拉萨地区太阳光谱随季节性的变化特征，分析了其二分二至光谱辐照度变化区间，发现拉萨夏至日均光谱辐照度比冬至高约一倍多，夏至光谱峰值1.13 W·m~(-2)·nm~(-1),冬至0.43 W·m~(-2)·nm~(-1)。西藏日喀则全年太阳光谱变化浮动比拉萨的小，各节气光谱变化范围比较集中，夏至和冬至光谱峰值之差比拉萨的小。研究了西藏各地太阳光谱年平均辐照度特征，发现日喀则和珠峰平地年平均太阳光谱辐照度非常接近，两地光谱峰值均约为0.83 W·m~(-2)·nm~(-1);拉萨年均光谱峰值约为0.73 W·m~(-2)·nm~(-1),略低于日喀则和定日；那曲年均光谱曲线最低，峰值仅为0.53 W·m~(-2)·nm~(-1)。太阳光谱年均值和太阳能资源不同地区分布特征对西藏高原开发利用太阳能资源具有重要的应用价值。为了比较西藏高原与内地平原太阳光谱特征，同步观测研究了高海拔拉萨(3 693 m)和低海拔北京(32 m)的晴天太阳光谱。2021年6月3日两地均为晴天，分析了两地当地正午太阳光谱特征，发现拉萨正午全波段光谱积分值比北京高约20%,比大气质量AM0的仅低5%左右；当日正午拉萨光谱峰值达1.83 W·m~(-2)·nm~(-1),北京为1.41 W·m~(-2)·nm~(-1);当日正午拉萨太阳紫外光谱积分值比北京高约15%。"
R3,多学科交叉下材料科学与工程专业生物材料本科培养课程设置调研 材料科学与工程/生物材料/本科培养/课程设置 深化高校专业供给侧改革，以经济社会发展和学生职业生涯发展需求为导向，构建自主性、灵活性与规范性、稳定性相统一的专业设置管理体系是我国深化本科教育教学制度改革全面提高人才培养质量的方针意见。针对生物材料需求的快速增长，高校专业设置也应以需求为导向进行改革。经过调研全球材料科学与工程专业顶尖高校的生物材料方向本科培养课程设置，我们发现各高校课程设置的自主性和灵活性较高，但规范性和稳定性不足，如何构建标准统一的生物材料专业设置管理体系是全球面临的一致问题。
R3,"基于RBF神经网络的睡眠分期方法研究与应用 睡眠分期/心率变异性/小波变换/径向基函数神经网络 目的 提出一种基于径向基函数（RadialBasisFunction,RBF）神经网络的睡眠分期方法，设计一套能够根据用户身心恢复状态调节唤醒时间的智能唤醒系统，以优化用户睡眠时长，减轻醒后不适感。方法 基于心率变异性和睡眠分期等相关理论知识，通过低功耗心率带采集人体心电信号，选取最优小波变换对采集到的心电信号精准去噪，对径向基函数神经网络进行反复训练后，筛选出10个关键的特征向量，以构建睡眠分期模型。睡眠分期信息通过STM32处理器传输到手机客户端，系统根据预先设计的优化唤醒机制在用户身心恢复到最佳状态时将其唤醒。结果 基于睡眠分期模型的算法平均识别准确率可达88.9%，卡帕（Kappa）系数为0.839，相较于其他算法，该算法具有较高的准确率。结论 该智能唤醒系统的采集成本较低，算法简便高效，其唤醒机制科学合理，可以使用户舒适醒来，对改善用户醒后状态具有重要意义。"
R3,"Hib荚膜多糖在疫苗制备周期中的结构稳定性 b型流感嗜血杆菌/荚膜多糖/聚核糖基核糖醇磷酸酯/核磁共振波谱法 目的 评价b型流感嗜血杆菌（Haemophilus influenzae type b,Hib）荚膜多糖的基本结构聚核糖基核糖醇磷酸酯（polyribosylribitol phosphate,PRP）在Hib结合疫苗制备过程中的稳定性。方法 采用核磁共振波谱（nuclear magnetic resonance spectroscopy,NMR）技术对制备的Hib精制多糖、多糖衍生物、多糖蛋白结合物进行结构解析。结果 制备的Hib精制多糖、多糖衍生物、多糖蛋白结合物的各项检测结果均符合《中国药典》三部（2020版）相关标准要求，且NMR谱图均未发生明显变化。结论 Hib结合疫苗主要抗原荚膜多糖的基本结构PRP在疫苗制备周期中未发生变化。"
R3,"生物制剂工艺特异性残留宿主蛋白ELISA检测方法的建立及验证 工艺特异性/大肠埃希菌/宿主蛋白/酶联免疫吸附测定 目的 建立基因重组生物制剂中工艺特异性大肠埃希菌残留蛋白双抗体夹心ELISA检测方法，并进行验证。方法 以大肠埃希菌表达胰高血糖素样肽（glucagon-like peptide,GLP）的生产与纯化工艺为特定工艺模型，采用同一工艺用于空载大肠埃希菌（不表达重组蛋白的正常大肠埃希菌）残留蛋白的截取。将获得的残留蛋白作为免疫原分别免疫1只雌性新西兰白兔和6只雌性昆明小鼠，以兔免疫血清纯化IgG抗体为包被抗体，鼠免疫血清为第二夹心抗体，抗鼠IgG-HRP为酶标二抗，建立工艺特异性大肠埃希菌残留蛋白双抗体夹心ELISA方法。对建立的方法进行特异性、准确性、精密性验证，并确定方法的检测限。同时采用建立的方法和市售大肠埃希菌宿主蛋白残留检测试剂盒对纯化的GLP制剂进行残留蛋白定量测定。结果 对已知浓度的工艺特异性残留蛋白进行系列梯度稀释后，建立的ELISA方法检测的灵敏度可达338 pg/mL；该方法检测CHO和酵母细胞裂解蛋白无交叉反应，检测低、中、高3个浓度样品的回收率均在80%～120%范围内，检测低、中、高浓度空载大肠埃希菌截留液标准品的试验内和试验间CV均<15%。针对GLP制剂中的残留蛋白，与建立的方法检出的GLP制剂中残留蛋白总量相比，约有62%的残留蛋白未被市售非工艺特异性ELISA试剂盒检出，这些残留蛋白应为本工艺特异的残留蛋白。结论 建立的双抗体夹心ELISA法检测工艺特异性大肠埃希菌残留蛋白灵敏度高，特异性强，准确性和精密性良好，可满足残留蛋白在生物制剂中低于0.01%～0.1%标准的检测要求。"
R3,"人CSF3蛋白的原核表达和纯化及其亚细胞定位 粒细胞集落刺激因子/原核表达/蛋白纯化/亚细胞定位 目的 粒细胞集落刺激因子(CSF3)作为免疫调控中的重要细胞因子，在中性粒细胞增殖分化的调控方面发挥关键作用。然而，在病原菌感染中CSF3的调控机制仍不清楚。本研究旨在通过原核表达人CSF3,并观察其在HEK-293T细胞中的亚细胞定位，为重组CSF3药物开发以及揭示其在病原菌感染和免疫调控中的作用机制奠定基础。方法 基于人CSF3的生物信息学分析，分别通过QuikChange和基因克隆获得CSF3 pGlO1和CSF3-pmCherry两种重组质粒。前者在大肠埃希菌原核表达系统中表达，并通过镍离子亲和层析和凝胶过滤层析进行蛋白纯化。后者通过jetPEI试剂转染到HEK-293T细胞中，48 h后通过荧光共聚焦显微镜观察，确定其亚细胞定位。结果 在原核系统中成功表达人CSF3蛋白，其相对分子质量为18.8×10~3。该蛋白的溶解性良好，PP酶酶切后蛋白浓度较高，但蛋白性质相对不稳定，对pH值和温度敏感，容易发生聚集和降解。将荧光融合质粒转染到HEK-293T细胞中48 h后观察，人CSF3-pmCherry蛋白定位在细胞质内，呈现出特定的定位和分布模式。结论 成功构建人CSF3原核表达系统，获得纯度较高的CSF3蛋白。通过荧光融合技术确定CSF3-pmCherry蛋白主要定位在HEK-293T细胞质。为重组CSF3药物的开发及其在病原菌感染和免疫调控中的作用机制研究奠定了基础。"
R3,"巨核细胞/血小板E1A激活基因阻遏子基因敲除小鼠构建及胎肝巨核细胞诱导分化 E1A激活基因阻遏子基因/巨核细胞/血小板/分化 目的 构建巨核细胞/血小板特异性E1A激活基因阻遏子基因(Creg1)敲除小鼠，并诱导小鼠胚胎胎肝巨核细胞的分化，为研究Creg1在巨核细胞分化和血小板生理功能中的作用提供实验工具及方法。方法 将雌性Creg1~(flox/flox)小鼠与雄性血小板因子4(Pf4)-Cre~+小鼠繁育，获得Creg1~(flox/wt) Pf4-Cre~+小鼠，进一步交配获得巨核细胞/血小板特异性Creg1敲除小鼠(Creg1~(flox/flox) Pf4-Cre~+,简写为Creg1~(-/-))。采用聚合酶链式反应及琼脂糖凝胶电泳进行基因型鉴定。取Creg1~(flox/flox)和Creg1~(-/-)孕龄约15 d小鼠的胎肝，体外培养胎肝细胞4 d,加入血小板生成素，光镜下观察两组巨核细胞形态和大小的区别。结果 本研究成功构建了Creg1~(-/-)小鼠。与Creg1~(flox/flox)小鼠比较，Creg1~(-/-)小鼠巨核细胞中Creg1 mRNA的表达量显著下降，差异有统计学意义(P<0.05)。与Creg1~(flox/flox)小鼠比较，Creg1~(-/-)小鼠胎肝巨核细胞诱导分化4 d时，光镜下观察发现，巨核细胞的直径明显变小，差异有统计学意义(P<0.05)。结论 Creg1~(-/-)小鼠作为研究巨核细胞和血小板相关疾病发生机制的实验工具鼠，可能揭示尚未发现和阐明的重要病理生理学机制，为临床治疗血小板疾病提供理论基础支持。"
R3,"猴痘病毒mRNA疫苗的构建及免疫评价 猴痘病毒/痘苗病毒/mRNA疫苗/EEV 目的 设计猴痘病毒(MPXV)抗原，选择多种方案设计抗猴痘病毒mRNA候选疫苗，并完成其表达鉴定及小鼠体内的免疫效果评价。方法 选取猴痘病毒M1R、A35R、A29L、H3L基因设计三组候选抗原基因(命名为：M1R-A35R、A29L-H3L-A35R、A35R-Fc),并设置一组痘苗病毒(VACV)基因(L1R-A33R)作为对照，分别连接至mRNA制备专用载体pGEM-3Zf-n3,通过线性化、体外转录、纯化和加帽获得功能性mRNA,利用Western blot、IFA对目的抗原进行鉴定。通过微流控芯片制备LNP-mRNAs疫苗，制定免疫程序并完成小鼠的免疫及特异性抗体水平监测。结果 成功构建3组抗猴痘病毒的mRNA疫苗和1组抗痘苗病毒的mRNA疫苗，四组疫苗均能表达抗原蛋白，并且制备的4组LNP-mRNAs疫苗在免疫后84 d仍维持较高的特异性抗体水平。结论 成功完成猴痘病毒mRNA疫苗的构建、表达及鉴定，并通过对不同猴痘病毒抗原设计的验证，为以后猴痘疫苗的研发提供数据支撑。"
R3,"甲型流感病毒NP及相关宿主因子研究进展 甲型流感病毒/核蛋白NP/宿主因子/病毒增殖 甲型流感病毒(influenza A virus, IAV)严重威胁人类健康。病毒核心是核糖核蛋白复合物(viral ribonucleoprotein complexes, vRNPs),是病毒基因组转录和复制的最小功能单位。核蛋白(nucleoprotein, NP)是vRNP的重要组成部分之一，在流感病毒整个生命周期起着关键作用。机体存在多种宿主因子通过NP影响病毒增殖。本文就通过NP影响vRNP核输入、病毒基因组转录和复制、vRNP核输出以及vRNP组装这几个方面的宿主因子进行综述，以期为治疗IAV新靶点的发现及新药物的研发提供参考。"
R3,类器官模型在肝细胞癌中的研究进展 类器官/肝细胞癌/临床前研究模型/HBV感染 类器官作为一种维持自身组织结构和功能的体外3D模型，很大程度上克服了传统肿瘤模型(包括2D细胞培养和体内小鼠培养)的局限性，近年来已成为研究肿瘤领域的有力工具。肝细胞癌(HCC)类器官从人和鼠来源的组织样品中产生，保留了亲本肿瘤组织的关键特征，包括组织学结构、基因组景观、表达谱和肿瘤内异质性。目前类器官在乙型肝炎病毒(HBV)及其他因素诱导的肝癌机制探索、药物筛选、个体化医疗中的应用正在被广泛研究。文章就类器官的起源、特性及其在肝癌中的应用展开综述。
R3,生物可降解锌基合金的研究进展 生物可降解金属/锌合金/耐腐蚀性能/体外研究 生物可降解金属材料由于其良好的机械性能、生物相容性和生物降解能力，已逐渐成为应用研究领域的热点。锌作为参与人体系统各项工作的元素之一，在新陈代谢中扮演着关键角色，具有适宜的降解速率，因此，在骨折固定、血管支架等领域展现出了良好的应用前景。本研究对可降解锌基合金的生理学优势和机械性能进行了总结，并对其耐腐蚀性能进行了体外研究与体内研究的综合分析。
R3,基于主动光源阵列的骨科机器人末端示踪装置 主动光源/手术机器人/导航定位/示踪装置 为减少机械臂导航过程中示踪装置视线遮挡问题对手术的影响，研究一种多角度主动光源阵列的末端示踪装置，采用非支架式的机械结构，配合双目相机，实现对手术机械臂位置的感知。通过大小两个棱柱相互配合，组成多角度的光源阵列，实现对机械臂工具中心点的计算。通过COMSOL软件搭建简易模型，验证示踪装置信号使用范围；通过覆盖范围实验和静态定位实验证明装置的有效性和稳定性，可以满足手术机器人的任务要求。
R3,"假病毒中和试验对狂犬病毒中和抗体效价的检测效能分析 假病毒中和试验/免疫荧光灶抑制试验/小鼠中和试验法/狂犬病毒中和抗体 目的：组织不同的实验室分析假病毒中和法（Pseudo Virus-based Neutralization Assay,PBNA）对不同样品的狂犬病病毒中和抗体水平的检测能力，并比较其与经典的快速免疫荧光灶抑制试验（Rapid Fluorescent Focus Inhibition Test,RFFIT）以及小鼠中和试验法（Mouse Neutralization Test,MNT）的相关性。方法：共9家实验室，分别采用PBNA、RFFIT以及MNT法对6份样品进行狂犬病病毒中和抗体检测，每个实验室进行3～5次重复实验。采用配对t检验及Pearson相关系数对3种检测方法的结果进行统计学分析。结果：PBNA与RFFIT、PBNA与MNT、RFFIT与MNT Pearson相关系数分别为0.985、0.988和0.974，抗体几何平均滴度进行t检验，差异均无统计学意义（P>0.05）。结论：3种方法重复检测6份样品的定量结果具有高度的相关性，PBNA法可作为《中华人民共和国药典》方法RFFIT、MNT的一种替代或补充方法，用于人用狂犬病疫苗临床血清、狂犬病人免疫球蛋白及抗狂犬病血清的狂犬病病毒中和抗体效价检测。"
R3,二次脱钙法在临床病理骨组织HE制片中的应用研究 二次脱钙/临床病理/骨组织/HE制片 目的 探讨二次脱钙法在临床病理骨组织苏木精-伊红(HE)制片中的应用价值。方法 收集2022年6-12月该院病理科脱钙不充分、骨组织块或含钙化组织的蜡块100块，制成病理切片，根据脱钙方法的不同将病理切片分为对照组和研究组，对照组采用常规脱钙法，研究组采用二次脱钙法，分析2种方法制片效果的差异。结果 研究组病理切片HE制片结构完整性、HE染色满意度、切片优良率均明显高于对照组，差异均有统计学意义(P<0.05)。结论 二次脱钙法在临床病理骨组织HE制片中具有较高的应用价值。
R3,中国旱獭Ⅰ型干扰素受体β亚基克隆、表达及功能初步鉴定 受体/干扰素αβ/克隆/乙型肝炎 目的 克隆中国旱獭Ⅰ型干扰素受体β亚基（mhIFNAR2）的基因，并进行抗体制备及功能鉴定。方法 应用RT-PCR技术，从中国旱獭脾组织中扩增得到序列，克隆至原核表达载体p RSET-B，表达重组蛋白，电泳和Western Blot法鉴定；重组蛋白常规免疫BALB/c小鼠制备其胞外段多克隆抗体，免疫组化、免疫荧光和Western Blot法鉴定；再通过si RNA阻断的方法检测其功能。计量资料多组间比较采用方差分析，进一步两两比较采用LSD-t检验。结果 从mhIFNAR2扩增出149～1 300 bp片段，其同源性在分析的种属中以土拨鼠最高，可达98.05%。成功地构建了表达胞外段mhIFNAR2_((50-181aa))蛋白的原核表达质粒，命名为pRSET-B. mhIFNAR2；其表达重组蛋白分子量27 kD，纯化后纯度约为95%，浓度约为160μg/mL。用纯化的重组蛋白常规免疫BALB/c小鼠后，获得1∶1 000的特异性多克隆抗体，用免疫组化及免疫荧光可见细胞膜、细胞质有表达。合成的三条siRNA，其中有一条起始于277位点的siRNA(siRNA277)与空白对照及阴性对照相比，可以沉默目的基因的表达，并能减弱干扰素的信号通路（P值均<0.05）。结论 获得mhIFNAR2的部分序列，成功地制备出抗mhIFNAR2胞外段多克隆抗体，该抗体有较高的效价和特异性，并能用于免疫组化、免疫荧光及Western Blot的检测。用siRNA277可以抑制目的基因的表达，并能阻断干扰素的信号通路。
R3,静电纺丝复合支架在骨组织工程中的应用 骨组织工程/静电纺丝/骨支架 由先天性疾病、骨折或肿瘤等形成的严重骨缺损一旦超过机体的自愈能力，将导致形成难以愈合的骨缺损。而由静电纺丝制备的纳米纤维支架能模拟天然骨细胞外基质，它不仅提供了利于细胞黏附、增殖及迁移的有利环境，而且能作为载体使支架，具备抗菌、抗炎、促成骨分化等功能。本文阐述了用生物活性分子、药物、无机生物材料等改性静电纺丝支架在骨组织再生工程中的应用，以期进一步为骨组织再生创建新型骨再生材料提供理论依据。
R3,UCP2/SIRT3信号通路与氧化应激在疾病中的作用 解耦联蛋白(UCP)2/去乙酰化酶(SIRT)3/氧化应激/线粒体 氧化应激是指在内外环境发生变化时，机体内氧化系统与抗氧化系统间的动态平衡被破坏，导致活性氧(ROS)过量产生的病理状态~([1])。氧化应激是多种疾病发生发展过程中的重要病理环节，多种信号通路参与介导氧化应激的病理机制，细胞能通过协调各种信号通路，消散氧化应激反应的不利影响，以维持自身的稳定状态。因此，在疾病的研究过程中，应当具备整体思路，深入了解有关信号通路在病程进展中的作用，为药物的针对性治疗提供理论基础，
R3,"用于乳腺肿瘤细胞三维培养的纤维-水凝胶复合支架的制备及表征 乳腺肿瘤模型/三维培养/水凝胶/耐药性 从力学性能和组成成分两方面还原乳腺肿瘤细胞的生长环境，开发了一种负载富血小板血浆的纤维-水凝胶复合结构支架。通过检测支架的元素组成和化学结构，确认支架中各组分的成功负载，并利用扫描电镜、溶胀测试和水接触角测试表征了支架的表面形貌和理化性能。研究表明：复合支架具有适用于物质传输的孔隙和利于细胞黏附的表面性能；加入纤维显著提高了水凝胶的力学性能，且复合支架具有与乳腺肿瘤组织接近的弹性模量((4.79±0.45)kPa);与二维(2D)培养和无纤维的水凝胶支架相比，复合支架上培养的乳腺肿瘤细胞增殖能力提高了33.1%,显示出细胞聚集成球的特性，并对化疗药物显示出更低的敏感性。复合支架有助于肿瘤学体外研究和预测抗肿瘤药物疗效。"
R3,人体肠道菌群失衡与慢性疾病关系的研究 菌群失衡/慢性疾病/肠道菌群 肠道中的微生物不仅参与食物的消化和营养物质的吸收，还与宿主的免疫系统、代谢和神经系统等多个生理功能紧密相关。近年来，越来越多的研究证据表明，肠道菌群的失衡与多种慢性疾病的发生和发展有关，如肥胖、糖尿病、心血管疾病、肠炎、肠癌以及自身免疫性疾病等。本文就人体肠道菌群失衡与慢性疾病的关系展开研究，以期为慢性疾病的预防和治疗提供新的策略和视角。
R3,"基于DLP工艺的柔弹性点阵吸能支架研究 组织工程支架/柔弹性点阵结构/等效力学模型/DLP成形工艺 面向微小多功能支架结构设计与原型制造需求，开展了基于数字光处理(Digital Light Processing, DLP)快速成形工艺的柔弹性点阵支架设计与制备研究。以胞元结构几何拓扑设计为主线，利用Timoshenko梁理论对胞元结构建立等效力学模型，得到预测能量吸收的数学模型，聚焦分析胞元几何尺寸和承载方向对其影响规律。配置新颖柔弹性光敏树脂为成形材料，选用DLP成形工艺，实现对应点阵结构的高精、高效制备。结合数值模拟和物理实验，着重探究了杆径、胞元边长、点阵层数对点阵结构吸能特性的影响。结果表明，该点阵结构面外压缩较面内压缩具有显著优越的吸能特性，且胞元边长越小，杆径越大，点阵层数越多，吸能特性越佳。理论分析、数值模拟和物理实验所得规律基本一致，可为后续皮肤组织工程支架的研制提供相关理论参考。"
R3,新型冠状病毒感染流行期间医护人员心理健康的Meta分析 新型冠状病毒感染/医护人员/压力/抑郁 目的 系统评价新型冠状病毒感染流行期间医护人员的心理健康状况，深入分析不同特征医护人员心理问题检出率差异，整体评估新型冠状病毒感染疫情对医护人员心理健康状况的影响。方法 检索PubMed、ScienceDirect、Web of Science和中国知网等数据库收录的有关新型冠状病毒感染流行期间医护人员压力、焦虑及抑郁状况的研究文献，检索时限2020年1月—2022年3月。分别采用RevMan 5.3和Stata 16软件对纳入研究进行文献管理和Meta分析。结果 检索获得2020—2022年相关研究2 637篇，筛选后纳入文献66篇，包括被试50 428名，其中医护人员整体压力、抑郁、焦虑症状检出率分别为18.19%(95%CI:0.128 9～0.234 9)、36.13%(95%CI:0.320 3～0.402 3)、34.18%(95%CI:0.299 3～0.384 2)。检出率在性别、岗位、年龄、科室和城市上存在显著差异。结论 新型冠状病毒感染疫情对医护人员的心理健康状况造成了强烈冲击，需重点关注女性、护士、30～<40岁年龄组、重点科室和一线城市等因素，强化适用不同特征医护人员的心理援助措施。
R3,电磁脉冲引起人体血脑屏障开放的生物电磁剂量学 电磁脉冲/血脑屏障/临床应用/剂量 目的：对电磁脉冲引起人体血脑屏障开放的生物电磁剂量学进行研究。方法：基于典型暴露平台建立人体脑部剂量学研究环境，利用三维数字化人体模型并结合电磁仿真方法对生物电磁剂量进行仿真评估。结果：头部中心的电场峰值为1.49 kV/m，与激励电场相比衰减41.6 dB；鼻尖皮肤表面处空气中最大电场幅值为1795 kV/m；一次脉冲下头部空间的平均吸收率为4.16×10~(-8)J/kg；重复频率1 000 s~(-1)的极端条件下的头部平均比吸收率为4.16×10~(-5)W/kg。结论：局部高强度电场是临床应用中重要的安全隐患，需要结合血脑屏障开放的量效关系研究抑制局部高强度电场的手段，本研究的人体脑部生物电磁剂量数据可用于临床效应的可行性评估。
R3,用于深层组织光学成像的荧光探针与成像技术 光学成像/近红外-Ⅱ区/生物发光/化学发光 对用于深层组织成像的探针和自适应光学成像技术的最新研究进展进行了综述，旨在为生命科学和跨学科的研究提供了一个新的思路和视角。首先，对发射光波长在近红外-Ⅱ区的荧光、生物发光、化学发光和长余辉发光的探针进行了阐述，同时，对直接波前传感方法实现快速测量和校正波畸变，以及间接波前传感方法实现校正复杂光学像差的相关技术进行了概述。上述技术和方法的不断更新，使得光学成像能够成功地穿透更深层的组织，减少背景噪声以获得更高的成像质量。
R3,壳聚糖及其衍生物在创面修复中应用的研究进展 壳聚糖/创面/生物相容性材料/生物活性 皮肤损伤形成创面后，会造成疼痛、功能丧失。开发性能优异的伤口敷料是促进创面修复的关键，壳聚糖及其衍生物具有低毒性、良好的降解性及生物相容性等优点，在创面修复中的应用效果日渐显著。鉴于此，本文作者就壳聚糖及其衍生物的4种重要生物活性展开综述，阐述相关分子机制的研究进展，为新型壳聚糖敷料的研发提供理论依据。
R3,3D打印多孔钛金属支架的数字化设计及分析 3D打印/钛金属支架/抗压强度/Mises等效应力 目的 设计3D打印多孔钛金属支架并通过有限元分析找出满足大孔径和高抗压强度的结构设计方案。方法利用计算机Autodesk Inventor软件，设计15种不同孔隙结构的单元钛合金支架模型（5种类型单元体结构，分别为仿钻石-60°、仿钻石-90°、仿钻石-120°、正四面体和正六面体，每种类型单元体结构各有3种孔径，分别为400、600、800μm）及其15种圆柱体模型（直径20 mm、高度20 mm），通过Autodesk Inventor软件进行有限元分析，简单模拟膝关节处受力类型及大小，转化成Mises等效应力、安全系数及形变位移的比较，分析数据，筛选出大孔径、高抗压强度的设计模型。结果 5种不同孔隙结构的单元结构模型在安全状态下，正向受力时，除正四面体外随孔径增大而最大受力减小；侧向受力时，各单元结构随孔径增大而最大受力减小；扭转受力时，仿钻石-60°和正四面体结构体随孔径增大而最大受力减小，仿钻石-90°结构体随孔径增大而最大受力增大，而仿钻石-120°和正六面体单元结构随孔径增大基本上无变化。在3种受力条件下，所有单元结构随孔径增大而形变位移增大。5种不同单元结构圆柱体模型分别在3种受力时，孔径越大，形变位移越大，Mises等效应力越大，安全系数变化同Mises等效应力相反。综合抗压能力由强到弱的顺序为：正六面体>正四面体>仿钻石-120°>仿钻石-90°>仿钻石-60°，并且每种类型圆柱体模型中孔径越小，抗压强度越大。结论 孔径大小和孔隙形态是影响支架抗压强度的重要因素。随着孔径（400、600、800μm）的增大，各结构的强度均有所降低。正六面体、正四面体和仿钻石-120°结构模型能够满足大孔径和高抗压强度的条件。
R3,载中药纳米材料促进骨与软骨修复研究进展 载药纳米材料/淫羊藿苷/姜黄素/组织工程 骨组织工程是目前修复骨与软骨损伤的有效手段，当前有许多材料都运用于骨组织工程，纳米载药材料是其中之一。纳米载药材料颗粒直径远小于毛细血管，具有降低药物毒副作用、提高药物稳定性、缓释控释药物和药物靶向释放等优点。许多中药已被证实对促进骨与软骨再生有着重要的作用。载中药纳米材料除具有传统纳米材料的优点外，还具有促进成骨与软骨细胞再生、维持骨细胞结构、抑制炎症因子等特殊治疗能力，可以为促进骨与软骨修复提供新思路。本文总结了载中药纳米材料的主要活性成分与目前应用于组织工程的种类，以及载中药纳米材料在骨组织工程中的应用现状和发展前景。
R3,细菌纤维素功能化改性及其在伤口敷料中的应用研究进展 细菌纤维素/伤口敷料/功能化改性 细菌纤维素因具有生物可降解性、高结晶度、生物合成的可调控性等特点，被用于制备抗菌、自愈合可注射和增殖性伤口敷料的基质。由于细菌纤维素本身不具备抗菌、自愈合和止血生肌作用，因此需要对其进行功能化改性。本文总结了细菌纤维素的结构、生物合成原理和制备方法，对比分析了细菌纤维素化学、物理和生物等功能化改性技术与原理，介绍了功能化细菌纤维素在伤口敷料的应用，并对其在伤口敷料应用的发展前景进行了展望。
R3,"基于临床CT数字体相关和有限元分析的股骨内部变形场研究 CT图像/有限元分析/数字体相关/骨质疏松 目的 验证基于临床CT的数字体相关(digital volume correlation, DVC)方法在测量股骨内部变形场时的准确性，并通过DVC进一步测量股骨在跌倒情况下的内部变形，验证基于临床CT的有限元分析方法(finite element analysis, FEA)在计算股骨内部变形场的准确性。方法 使用猪股骨，模拟侧向跌倒姿态，进行分步力学加载实验，同步进行多次CT成像。通过重复扫描和虚拟位移验证DVC方法的准确性。DVC以子体积作为配准两组图像的研究对象，分别设置8、12、16和20 mm的子体积进行测试。量化误差指标包括位移系统误差-平均值(mean)、位移随机误差-标准差(standard deviation, SD)、应变准确度-平均绝对误差(mean absolute error, MAER)和应变精确度-标准差误差(standard deviation of the error, SDER)。基于CT图像建立股骨有限元模型，模拟实验条件，计算股骨内部位移，与DVC测量的内部变形场对比验证。结果 基于临床CT的DVC方法重复扫描位移偏差小于0.013 mm, MAER和SDER均小于200με;虚拟位移偏差小于0.098 mm, MAER为1 093～1 687με,SDER为604～1 267με,远小于骨组织屈服应变。FEA计算的位移和DVC测量的位移之间具有较强的相关性(R~2≥0.76,P<0.05)。结论 基于临床CT的DVC方法可以准确测量股骨内部变形场，并且基于临床CT的有限元模型可以准确计算股骨内部变形场。"
R3,"鼠伤寒沙门菌转录调控因子HilD的蛋白纯化及与hilA启动子DNA复合物晶体培养 鼠伤寒沙门菌/HilD/原核表达/晶体培养 目的 本研究将获取鼠伤寒沙门菌毒力转录调控因子HilD的蛋白，培养HilD蛋白晶体，为进一步分析HilD功能机制和靶向胞内沙门菌药物研发奠定基础。方法 以鼠伤寒沙门菌转录调控因子HilD生物信息学分析为基础，使用鼠伤寒沙门菌14028S菌株作为模板进行分子克隆，构建hilD-pGl01重组质粒，使用原核体系表达HilD,通过镍柱亲和层析柱和透析获取纯化蛋白。EMSA实验验证HilD活性。使用晶体培养试剂盒进行晶体培养。结果 成功构建了HilD原核表达系统，HilD是一种碱性蛋白，在蛋白提取过程中需要将缓冲液的pH值维持在7.0左右以维持HilD蛋白的稳定性，还需添加2%甘油和2%蔗糖进行保护。hilA能够稳定HilD蛋白，有利于晶体的生长。结论 成功获取HilD纯化蛋白，实验证明具有生物活性，培养出HilD与hilA启动子DNA的复合物晶体，复合物的培养为HilD结构解析奠定了基础。"
R3,"肺炎支原体Msr B经MAPK/NF-κB通路抑制脂质相关膜蛋白诱生促炎细胞因子 肺炎支原体/蛋氨酸亚砜还原酶B/脂质相关膜蛋白/促炎细胞因子 蛋氨酸亚砜还原酶B(methionine sulfoxide reductase, MsrB)是一种重要的氧化还原蛋白。该文探究了肺炎支原体(Mycoplasma pneumoniae, Mp) MsrB对Mp脂质相关膜蛋白(lipidassociated membrane proteins, LAMPs)刺激的人髓系白血病单核细胞(THP-1细胞)分泌促炎细胞因子肿瘤坏死因子α(TNF-α)和白细胞介素1β(IL-1β)的调节及相关信号通路,以进一步了解Mp的免疫逃避机制。论文构建了pET28a(+)-msr B重组质粒,诱导表达、鉴定、纯化重组蛋白(rMsrB)并制备了多克隆抗体; Western blot检测MsrB、TLR1、TLR2、TLR6和MyD88蛋白表达水平及NF-κB p65、P38、ERK和JNK的总蛋白和磷酸化蛋白水平;间接免疫荧光分析NF-κB核转位; ELISA测定TNF-α和IL-1β分泌水平。结果显示Msr B可表达于Mp胞质和胞膜。rMsrB预处理可抑制LAMPs刺激的THP-1细胞合成TNF-α和IL-1β。Mp rMsrB可抑制LAMPs刺激的THP-1细胞表达TLR2、MyD88、p-ERK、p-JNK、p-p38和p-p65,并抑制NF-κB的核转位。抑制NF-κB、P38、ERK和JNK表达后,rMsrB可进一步抑制LAMPs刺激的THP-1细胞产生TNF-α和IL-1β。综上, Mp MsrB经MAPK/NF-κB信号通路抑制LAMPs刺激的THP-1细胞分泌TNF-α和IL-1β。"
R3,"脐带间充质干细胞衰老研究进展 脐带间充质干细胞/干细胞/细胞衰老/延缓衰老 人脐带间充质干细胞(human umbilical cord mesenchymal stem cells, hUC-MSCs)是一种来源于人脐带组织且具有自我更新、多向分化和免疫调节能力的多潜能干细胞。相比于其他干细胞, hUC-MSCs具有容易获取、分离和培养,移植体内后免疫原性低、无明显致瘤性等优点,已成为细胞治疗和再生医学中重要的干细胞来源之一。然而, hUC-MSCs在体外培养时容易趋向衰老、逐渐失去快速增殖和多向分化潜能,从而限制其临床应用。该文主要就近年来在hUC-MSCs衰老机制以及延缓hUC-MSCs衰老的相应策略等方面的研究进展,作一简要概述和讨论。"
R3,"人原代呼吸道上皮细胞培养及抗呼吸道合胞病毒活性 人原代呼吸道上皮细胞/呼吸道合胞病毒/抗病毒化合物/抗病毒活性 为建立人原代呼吸道上皮细胞(Human airway epithelial cell, hAEC)的培养方法，并在hAEC体系上探讨3-硫代吲哚类化合物RSV-A-4和免疫抑制剂代谢产物6-MMPr的抗呼吸道合胞病毒(Respiratory syncytial virus, RSV)活性及其机制，从而构建可用于RSV药物筛选及药效评价的细胞模型。采集人呼吸道上皮细胞样本，分离细胞后建立hAEC的培养方法，并进行细胞形态和活力鉴定；在hAEC体系上检测小分子化合物RSV-A-4和6-MMPr的抗RSV活性及其细胞毒性；采用实时荧光定量PCR(RT-qPCR)与Time-of-addition assay技术，探讨RSV-A-4和6-MMPr的抑制RSV复制的作用机制。培养的hAEC经鉴定：其体外培养存活率可达93.51%;RSV-A-4和6-MMPr的半数抑制浓度(Half maximal inhibitory concentration, IC_(50))分别为(207.30±4.77)μmol/L和(3 191.00±6.11)μmol/L,6-MMPr的半数细胞毒性浓度(Half maximal cytotoxic concentration, CC_(50))为(95 526.00±10.97)μmol/L,而RSV-A-4对hAEC未见明显细胞毒性；RSV-A-4和6-MMPr均在RSV病毒基因组复制阶段抑制RSV复制。成功建立可用于抗RSV药物筛选及体外评价的hAEC培养体系，RSV-A-4和6-MMPr在细胞水平均能有效抑制RSV复制。"
R3,高分子水凝胶在伤口愈合中的应用进展 高分子/水凝胶/伤口愈合/伤口敷料 运动员在体育运动过程中容易受伤，伤口止血不及时和伤口愈合速度过慢均严重影响了运动员的职业发展。高分子水凝胶具有材质柔软、不粘连创面等特点，在伤口止血及愈合方面得到广泛的应用。在介绍了高分子水凝胶发展现状的基础上，对不同类型高分子水凝胶在伤口愈合方面的应用进行了综述，主要包括天然高分子水凝胶、成型高分子水凝胶以及其他类型水凝胶等，展望了其研究的发展方向。已有的大量研究表明，高分子水凝胶在伤口愈合领域具有特殊的优势，未来可通过引入功能性组分赋予水凝胶更好的抗菌、自修复功能。
R3,"功能化GNPs在流行病快速检测和实体医疗中的应用 功能化GNPs/体外诊断产品/比色型检测/流行病 金纳米粒子(gold nanoparticles, GNPs)与不同分子偶联,不仅可优化其存储条件,还可起放大信号的功能。GNPs是种理想的偶联体,其生物相容性、低毒性、稳定性和表面功能化等特性使其应用具有极强的可塑性。功能化的GNPs为构建体外诊断产品提供了载具基础,在流行病肆虐前期,成熟完善的体外检测方法可提供快速实用和操作便捷的医疗检测。该文就功能化GNPs检测在流行病及医疗诊断中的应用进展进行综述,以期为体外检测和可视化检测等提供借鉴。"
R3,"新型一氧化氮比率型纳米探针的构建及性能研究 一氧化氮/表面拉曼增强散射/纳米探针/定量检测 该文首先通过两步化学反应合成NO识别分子3,4-二氨基苯硫醇（DABT），然后制备具有强表面拉曼增强散射（SERS）效应的银包金纳米星（AuNSs@Ag）材料，并通过Ag—S键对其进行DABT修饰，制备了比率型SERS纳米探针AuNSs@Ag-DABT。利用透射电子显微镜、水合粒径、Zeta电位以及紫外吸收光谱对纳米探针进行表征，并开展了NO的定量检测。结果表明：构建的AuNSs@Ag-DABT纳米探针表面有尖锐突出的星状结构，尺寸约为80 nm。NO存在时，DABT与NO发生反应并在541 cm~(-1)附近出现一个新的拉曼峰（三唑环），而在1 078 cm~(-1)处的拉曼峰（C—S离面弯曲峰）强度保持不变，因此可以根据I_(541)/I_(1078)的比值定量检测NO。在最优条件下，I_(541)/I_(1078)的比值与NO浓度在10～60 nmol/L范围内表现出良好的线性响应，检出限为3.89 nmol/L。选择性实验表明该比率型SERS纳米探针对NO响应具有良好的专一性和抗干扰性。"
R3,临床解剖学引入工程概念的探讨 临床解剖学/工程/医学史/疾病控制论 探讨临床解剖学引入“工程”概念（理念）意义和可行性，提出一种解剖学工程的研究范式“目标-利用外部的科学知识和技术手段-组织好人力、物力、财力-获得预期使用价值”。基于工程概念的引入，构建解剖学工程的理论和方法体系，从而形成解剖学工程专业。具体从4方面推进解剖学工程专业的发展：(1)构建解剖学工程的理论和方法体系，即从认识论层面建构解剖学工程专业；(2)审视具体的研究目标和构建新的研究系统；(3)组织若干有兴趣的研究团队和一些资源（如杂志社）脚踏实地展开研究、交流；(4)确定解剖学工程专业发展的中长期目标，使解剖学工程的概念和理念得到国内、国际同行的广泛认可。
R3,基于SVD的分块半脆弱水印医学图像算法研究 图像安全/脆弱水印/篡改检测/自恢复 为确保医学图像的完整性与安全性，提出一种基于奇异值分解的分块半脆弱水印医学图像算法，具备定位图像篡改区域以及图像自恢复两种功能。该算法将图像按4×4大小分块，并将水印嵌入位置分为块认证位和自恢复位两种，其中块认证位用于认证每个块，确保该块被篡改时能被识别出来；自恢复位则用于实现图像被篡改后的自恢复。将分块通过奇异值分解生成块认证位，同时将块划分为2×2的块，计算它们的5MSB平均值以生成自恢复位。仿真实验结果表明，所提算法的PSNR指标均在50 dB以上，大部分篡改攻击的Rfa和Rfd接近于0，且自恢复图像PSNR指标在30 dB以上。所提算法具有较好的透明性，能准确检测大部分篡改攻击，且自恢复图像质量良好。
R3,"面向推拿康复机器人的人机交互界面数字建模与动力学研究 推拿康复机器人/人机交互界面/数字建模/动力学 目的 采集、分析专业医师推拿手法的运动学、动力学特征，并基于仿人手设计的多功能推拿头，开发一种适用于多种按摩手法、学习专业医师推拿力度曲线的力度柔顺控制算法，以期提供一种实现推拿机器人运动学、动力学复现的方法。方法 首先基于传统中医按摩理论，对滚法、揉法、振法进行运动学以及动力学分析，将其动作特征进行抽取解耦，形成多维度的运动学和动力学模式化表达。其次通过推拿手法测定仪以及动作捕捉系统，对专业医师推拿手法动作进行运动学、动力学数据采集。最后基于一款仿人手设计的多功能按摩头，以专业医师推拿手法信息为示教，对推拿手法的空间轨迹、力度曲线进行学习并开发力度柔顺控制算法。结果 推拿头和专业医师的滚法力度最大值分别为52.18 N、55.10 N,最小值分别为29.71 N、6.23 N,推拿头推拿过程中力度曲线的波形与专业医师比较接近。推拿头执行揉法力度的平均值、最大值以及最小值相对于专业医师的误差分别为-0.51%、3.58%和-3.56%,推拿头和专业医师推拿力度的标准差、偏度与峭度均十分接近。推拿头和专业医师的振法最大值分别为21.82 N、21.54 N,频率分别为3.67 Hz、14.30 Hz。推拿头与专业医师的上述几种手法的平均力度相对误差均小于10%,力度曲线、推拿力度、频率等动力学特征基本相同。结论 本文提出的方法能够有效复现推拿动作的动力学特征，验证了推拿手法的动力学复现的可行性。"
R3,应用噬菌体展示随机12肽库筛选诺如病毒抗原模拟表位 诺如病毒/12肽库/抗原模拟表位/单链可变片段抗体 目的：利用Ph.D.-12噬菌体展示肽库筛选诺如病毒（NoV）的抗原模拟表位。方法：包被与GⅡ.4、GⅡ.6、GⅡ.17型NoV具有高特异性及中和能力较强的单链可变片段抗体（scFv），用Ph.D.-12噬菌体展示肽库进行3轮生物淘选。ELISA鉴定淘选所得噬菌体与scFv的结合活性及其与NoV P蛋白的竞争作用；阳性克隆测序后进行生物信息学分析，合成多肽鉴定其抗原性。结果：发现1段与GⅡ.6 VP1区同源性较高的氨基酸序列“MG-D-W”，综合分析提示其可能为GⅡ.6 NoV的抗原模拟表位，且合成的包含“MG-D-W”的多肽可竞争抑制P蛋白与人类组织血型抗原（HBGAs）受体的结合。结论：“MG-DW”是与NoV单链抗体高亲和力的肽段，可能模拟了GⅡ.6 NoV与scFv结合的抗原表位。
R3,"IRF6在颅面部发育中的作用 IRF6/唇腭裂/颅面部发育/颅面畸形 干扰素调节因子6(interferon regulatory factor 6, IRF6)是一种在胚胎发育过程中广泛表达的转录激活因子。研究发现, IRF6能够调控口腔上皮细胞的增殖与分化,影响唇腭的正常融合、牙釉质的形成以及牙齿形态,同时还参与颌骨成骨细胞的分化。IRF6基因的缺失或者突变会导致腭裂、牙齿缺失、颅面畸形、骨骼缺陷等颅面部异常。该文综述了IRF6在颅面部发育中的研究进展,旨在了解其在颅面部发育以及颅面畸形中的作用,以期为今后相关研究提供参考。"
R3,非生物型人工肝技术的优化与生物型人工肝研究进展 肝/人工/肝功能衰竭/治疗学 肝衰竭是临床常见综合征，进展快速，预后不良。目前其内科治疗方法仍有限，人工肝治疗是一种有效的治疗方法。非生物型人工肝技术在临床上广泛应用，其具体的启动时机、模式的选择、参数的设置需要临床医生根据疾病的病理生理机制及动态演变过程，结合患者具体情况决定。与非生物型人工肝相比，生物型人工肝能更好地模拟肝细胞的生物学功能，目前其核心技术已取得实质性的进展，相关临床研究也在积极进行，在未来有广阔的发展前景。本文就非生物型人工肝技术的优化及生物型人工肝相关进展进行总结与探讨，以期为人工肝技术的临床应用与研究提供参考。
R3,"小鼠肺组织单个核细胞三种分离方法的比较研究 小鼠/肺脏/单个核细胞/分离 该文综合比较了三种不同方法分离小鼠肺组织单个核细胞的效果,并提供了一种能够有效分离小鼠肺脏全免疫细胞亚群的方法。将15只6～8周龄雌性C57BL/6小鼠随机分为三组(n=5只/组),分别为研磨+淋巴细胞分离液梯度离心分离组(M1组)、胶原酶Ⅳ消化+淋巴细胞分离液梯度离心分离组(M2组)和胶原酶Ⅳ消化分离组(M3组)。采用颈椎脱臼处死法处死小鼠,摘取肺脏,再分别采用上述三种方法制备小鼠肺脏单个核细胞悬液,于显微镜下拍照并计数,流式细胞术检测单个核细胞悬液中不同免疫细胞亚群的比例和数量,采用SPSS 26.0软件进行统计分析。结果显示,M3组制备的肺单个核细胞数量显著高于M1和M2组(F=44.49,P<0.001);M2组制备的肺单个核细胞中NK(F=16.68,P<0.001)、CD4~+T(F=12.28,P<0.01)和B细胞(F=4.49,P<0.05)比例均显著高于M1和M3组;M3组制备的肺CD3~+T、MDSC、中性粒细胞和间质巨噬细胞的比例显著高于M1和M2组;M3组制备的肺NK、CD3~+T、CD4~+T、CD8~+T、B细胞以及髓系细胞(MDSC、中性粒细胞、DC、肺泡巨噬细胞和间质巨噬细胞)的数量均显著高于M1和M2组。应用胶原酶Ⅳ消化直接分离法制备的小鼠肺组织单个核细胞得率最高,可有效分离到小鼠肺脏NK、T、B等淋巴细胞以及髓系来源免疫细胞亚群,且操作过程简便。该研究为肺部相关疾病的免疫学发病机制研究提供实验基础。"
R3,"健康中国背景下医学生心理健康与压力源分析 医学生/心理健康水平/压力源/健康中国行动 目的 了解健康中国背景下新疆某大学医学生心理健康水平和压力源，并分析其影响因素。方法 采用分层整群随机抽样法抽取2021年2～4月新疆维吾尔自治区某大学4421名医学生，采用症状自评量表(Symptom Check List 90,SCL-90)和当代大学生压力源量表进行问卷调查。结果 25.26%医学生存在不同程度SCL-90量表所列症状；SCL-90各因子分均低于全国部分地区大学生常模(P<0.05);SCL-90量表中躯体化、强迫症状、抑郁和恐怖因子得分女生显著高于男生(P<0.05);主要压力源为发展困扰型；疆外生源学生发展困扰型压力源得分高于疆内生源学生(P<0.05);女生压力高于男生，女生发展困扰型、个人管理型、消极事件型压力源得分均高于男生(P<0.05);Pearson相关性分析结果显示，医学生SCL-90得分与压力源得分呈显著正相关(P<0.05)。结论 新疆维吾尔自治区某大学有25.26%医学生存在不同程度的心理健康问题，女生心理健康水平不如男生。心理健康水平和压力呈正相关，发展困扰型压力成为医学生主要压力源。不同特征医学生的心理健康水平与压力源存在一定的差异。"
R3,"组分百日咳抗原中间品中内毒素含量动态显色定量检测方法的建立及验证 内毒素/动态显色法/百日咳抗原中间品/鲎试剂 目的 建立组分百日咳抗原中间品中内毒素含量的动态显色定量检测方法，并对方法进行验证，以期更好地对组分百白破疫苗进行质量控制。方法 建立动态显色法（美洲鲎试剂）检测百日咳各抗原中间品脱毒后的内毒素含量，对方法的线性、专属性、准确性、重复性、中间精密度进行验证，并对动态显色法定量检测结果与凝胶法检测结果进行对比。结果 动态显色法线性相关系数的绝对值（|r|）大于0.99；最大有效稀释倍数下中间品的干扰试验回收率在50%～200%之间，脱毒后百日咳类毒素（pertussis toxin,PT）稀释至10、100、1 000倍，丝状血凝素（filamentous hemagglutinin,FHA）稀释至3 000、5 000、10 000倍，百日咳黏附素（pertussis adhesin,PRN）稀释至50、75、100倍对试验均无干扰作用；PT、FHA和PRN的准确性验证回收率分别为125%、110%和99%，重复性验证变异系数（CV）分别为7.21%、8.31%和5.84%，中间精密度验证CV分别为6.04%、16.29%和12.23%。动态显色法检测3批百日咳抗原中间品细菌内毒素含量与凝胶法检测结果一致，均小于脱毒后百日咳抗原中间品中细菌内毒素限值。结论 建立的动态显色法具有良好的线性、专属性、准确性及精密性，检测结果准确，可用于脱毒后组分百日咳抗原中间品中内毒素含量的检测。"
R3,"高致病性H5N8亚型禽流感假病毒的制备与验证 H5N8亚型禽流感病毒/假病毒制备/血凝素/神经氨酸酶 目的 为研究高致病性H5N8亚型(A/Astrakhan/3212/2020)禽流感病毒的结构,制备相应假病毒,并对其在细胞水平上的感染能力以及血清抗体的中和能力进行初步验证。方法 通过对H5N8亚型病毒的血凝素(HA)和神经氨酸酶(NA)的氨基酸序列分析,将目的HA和NA序列进行优化并提取相应质粒,采用慢病毒包装系统制备H5N8亚型假病毒;使用感染含有α-2,6唾液酸受体的293T-ST6GAL1细胞后的荧光素酶读值、血凝抑制试验、透射电镜以及血清中和试验对制备的假病毒进行验证。结果 成功制备H5N8亚型假病毒,其对293T-ST6GAL1细胞的感染力为10~3TCID_(50)/m L,浓缩50倍后血凝活性从16提高到128,透射电镜可观察到典型的流感病毒颗粒,中和试验显示3份H5N8阳性血清中和活性明显高于其他亚型阳性血清以及阴性血清。结论 成功制备高致病性H5N8亚型禽流感假病毒,为未来的疫苗开发和中和抗体筛选提供了重要的实验平台。"
R3,华支睾吸虫3个半胱氨酸蛋白酶N端短片段原核表达及其抗原性分析 华支睾吸虫/半胱氨酸蛋白酶/重组蛋白/抗原性 目的 通过克隆和表达获得华支睾吸虫3个半胱氨酸蛋白酶N端短片段重组蛋白并分析其抗原性。方法 以pET-28a-CsCP1-3重组质粒为模板进行目的片段CsCP1a-3a PCR扩增，构建pET28a-CsCP1a-3a表达载体，并转化至BL21(DE3)大肠埃希菌，经异丙基-β-D-硫代半乳糖苷(IPTG)诱导表达，表达产物进行SDS-PAGE分析；表达产物经变性、纯化及复性，与华支睾吸虫感染大鼠血清行Western blot分析。结果 成功构建pET28a-CsCP1a-3a重组质粒；SDS-PAGE分析显示，重组蛋白CsCP1a-3a以包涵体形式表达；重组蛋白CsCP1a-3a可被华支睾吸虫感染后第4、5周大鼠血清识别。结论 重组蛋白CsCP1a-3a具有较好抗原性，可作为华支睾吸虫感染诊断候选分子。
R3,"5个种属血白蛋白多克隆抗体的制备及其效果评价 人血白蛋白/多肽/多克隆抗体/免疫双扩散法 目的 制备人、牛、羊、猪、马血白蛋白多克隆抗体，并评价其用于鉴定人血白蛋白（human serum albumin,HSA）的效果。方法 采用生物信息学技术和人工合成多肽法分别制备人、牛、羊、猪、马血白蛋白特异性多肽，高效液相色谱法鉴定多肽纯度后，再分别与钥孔血蓝蛋白（keyhole limpet hemocyanin,KLH）进行偶联，制备多肽抗原。将5个种属多肽抗原经背部皮下多点免疫雄性新西兰大白兔，2只/种，获得的抗血清经Protein A亲和层析柱纯化，即为多克隆抗体。采用ELISA及Western blot法分别测定多克隆抗体效价及特异性，并使用制备的5个种属血白蛋白多克隆抗体鉴定HSA制品。结果 人工合成的人、牛、羊、猪、马血白蛋白多肽纯度达91%以上，获得相应的多克隆抗体效价均为1∶160 000，可与相应抗原发生特异性结合，且可有效鉴别HSA制品。结论 制备的人、牛、羊、猪、马血白蛋白多克隆抗体具有良好的特异性，且制备过程简单快速，适合大量生产，为HSA快速鉴别试剂盒的研发奠定了基础。"
R3,基于β-环糊精主客体识别的胆固醇吸附剂的研究进展 环糊精/胆固醇/主客体相互作用/吸附剂 胆固醇是人体内必不可少的一种脂质分子，在人体的代谢过程中发挥着至关重要的作用。机体内胆固醇淤积往往与动脉粥样硬化、C型尼曼匹克氏症等疾病的发生密切相关，但现今药物的副作用以及禁忌症给临床治疗带来了诸多不便。β-环糊精是一种能够识别胆固醇的天然大环分子，其与胆固醇之间的主客体相互识别作用可用于胆固醇的特异性吸附与清除。在本综述中，我们总结了近年来基于β-环糊精主客体识别作用的胆固醇吸附剂的制备方法、设计原理及研究现状，展现了β-环糊精作为功能吸附基团在治疗高胆固醇相关疾病应用上的巨大潜力。
R3,应用天然水凝胶修复关节软骨损伤的研究进展 水凝胶/关节疾病/软骨损伤 由创伤或骨关节炎造成的软骨损伤是常见的关节疾病类型，是现代社会严重的经济负担，对患者造成极大的痛苦。因为软骨中无神经、血管和淋巴组织，且软骨细胞迁移能力差，祖细胞数量少，导致软骨缺损的自愈能力受到很大限制。水凝胶具有诸多特性，如高吸水性能、生物降解性、可控的孔隙率及生物相容性，具有用作关节软骨替代物所需的仿生性能，已发展成为材料科学中适合应用于软骨再生的支架生物材料之一。本综述总结了用于关节软骨修复水凝胶及动物模型。由于受当前技术的局限，人们仍然难以克服诸如血管生成和机械性能不足等问题，本综述的主要目的是回顾应用天然水凝胶用于软骨损伤的进展，希望为临床治疗关节软骨损伤提供新的思路。
R3,纯钛表面氧化石墨烯涂层的制备及生物学性能研究 纯钛/硅烷偶联剂/氧化石墨烯/生物相容性 利用3-氨丙基三乙氧基硅烷在纯钛表面制备氧化石墨烯涂层，扫描电镜、X射线能谱仪、拉曼光谱、X射线光电子能谱技术对涂层的形貌结构和成分进行表征检测；之后通过体外细胞毒性实验、急性溶血实验和SBF模拟体液浸泡实验评估不同处理组钛片的生物学活性。结果表明：体外小鼠前成骨细胞毒性实验、急性溶血实验初步证实复合涂层具有良好的生物相容性；SBF模拟体液浸泡实验表明氧化石墨烯涂层能提高纯钛表面沉积羟基磷灰石的能力。
R3,"重组人白细胞介素-1受体拮抗剂免疫大鼠ELISA抗体阳性血清中和抗体活性检测方法的建立及验证 重组人白细胞介素-1受体拮抗剂/中和抗体/D10G4·1细胞生物学活性试验 目的 建立用于检测重组人白细胞介素-1受体拮抗剂（recombinant human interleukin-1 receptor antagonist,rhIL-1Ra）免疫大鼠ELISA抗体阳性血清中和抗体活性的方法，并进行验证。方法 分别用3、20、100 mg/kg的rhIL-1Ra注射液经皮下免疫SD大鼠，10只/组，雌雄各半，每天给药2次，间隔至少4 h，连续给药13周，于给药期及恢复期经大鼠颈静脉采血，分离血清，ELISA法检测血清抗体效价，Protein A层析柱纯化经ELISA筛选为rhIL-1Ra抗体阳性的血清样本。以D10G4·1细胞生物学活性试验为基础建立中和抗体活性检测方法，并验证方法的专属性、灵敏度及精密性。采用建立的方法检测ELISA筛选为rhIL-1Ra抗体阳性血清的中和抗体活性。结果 随着给药次数的增加，各剂量组大鼠血清抗体滴度逐渐增强，至恢复期时仍有抗体存在，且滴度仍较高。兔抗rhIL-1Ra单抗对rIL-1Ra有明显的中和作用，兔抗rIFN-2b单抗与rIL-1Ra无剂量效应关系；该方法的灵敏度为171.93μg/mL；精密性验证CV均≤20%。ELISA筛选为阳性抗体血清对rhIL-1Ra注射液均可产生中和效应，与ELISA法检测结果相符。结论 本研究建立了用于检测rhIL-1Ra免疫大鼠血清中和抗体活性的方法，具有良好的特异性、专属性及较高的灵敏度，可用于rhIL-1Ra重复给药动物血清中和抗体活性的检测。"
F7,共同富裕视域下民族地区数字商务创新发展与实践——基于四川凉山彝族自治州现代服务研究 共同富裕/民族地区/数字商务/现代服务 在高质量发展中，扎实推动共同富裕已成为新时代中国特色社会主义发展重大理论和实践议程，商贸连接着生产和消费，数字商务已在民族地区经济发展中积累了成功的经验，现代服务业作为数字商务重要组成部分且占有重要地位。凉山州现代服务业在国民经济提质增效占有重要地位，已成为凉山州区域经济发展的增长点和加速器。通过分析四川凉山州数字商务发展中现代服务发展现状，以及现代服务业在数字化转型升级发展中面临的困境，提出可操作性的对策建议，以期形成促进民族地区现代服务业发展长效机制，为民族地区数字商务创新发展提供有益参考。
F7,海口会展业践行“双碳”目标的发展对策研究 “双碳”目标/会展业/数字会展/产业升级 2020年9月中国明确提出2030年“碳达峰”与2060年“碳中和”目标，未来一段时期，国内各行业都将致力于践行“双碳”目标，实现转型发展。作为经济发展风向标与晴雨表的会展业，践行“双碳”目标，是行业实现高质量发展的必然要求。本文围绕“双碳”目标，分析海口会展业绿色低碳发展现状及存在问题，并提出相应的解决对策，以供行业参考。
F7,新零售背景下企业库存优化策略研究 新零售/企业库存/互联网与物联网 在人工智能、大数据等高新技术的不断发展下，新零售从传统的以用户为核心的线上线下双渠道模式，逐步演化为当前的相互引流、协调合作以及资源共享的全渠道模式，已经成为当前我国商业模式的主要发展方向及趋势。基于此，文章对新零售的内涵、特征展开探讨，并分析了当前企业库存管理现状，以此提出有效的库存优化策略。
F7,基于机器学习算法的餐饮企业客户流失预测 机器学习/决策树/支持向量机/客户流失 客户流失是餐饮企业普遍面临的问题，机器学习技术能为餐饮企业提供便捷的数据分析工具，餐饮企业可根据客户基本信息及消费产生的订单信息构建客户流失特征，结合分类算法中的决策树算法与支持向量机算法预测客户流失，调整销售策略，从而减少客户流失，提高餐饮企业的收益。经过实验证明，支持向量机算法能更准确地预测出准流失的客户，更适合进行餐饮企业客户流失预测，对餐饮企业针对性挽留客户策略的实施具有指导作用。
F7,生产性服务业集聚与制造业绿色技术创新——来自中国A股上市公司的证据 制造业企业/生产性服务业/产业集聚/绿色技术创新 选取2010—2020年中国A股制造业上市公司数据，考察生产性服务业集聚对制造业绿色技术创新的影响及作用机制。研究结果发现：生产性服务业集聚促进了制造业绿色技术创新，在经过一系列稳健性检验后，研究结论仍然成立；机制检验发现，生产性服务业集聚通过强化技术积累和提升研发效率促进制造业绿色技术创新；异质性分析表明，在行业清洁度、行业层次等维度，生产性服务业集聚对制造业绿色技术创新的诱发作用存在明显差异。为此，提出不断壮大生产性服务市场规模，加快培育高端生产性服务业，推动制造业绿色转型升级。
F7,基于OBE理念的高职商务英语听说课程思政教学实践 OBE理念/新课标/商务英语听说/课程思政 基于OBE理念构建高职商务英语听说课程的课程思政教学实践路径，在新课标指导下，从职场涉外沟通目标、多元文化交流目标和语言思维提升目标三个维度设置课程思政的总体教学目标以及各单元分项目标；在教学方式上注重采用隐性教学手段，结合多模态教学手段提升学生的多模态表达能力，并采用线上线下混合教学模式；在考核方式上注重过程性考核并增加考核评价的维度，力求提升高职商务英语听说课程的思政教学效果，实现全方位育人目标。
F7,基于OBE理念的深度混合学习教学设计与实践——以市场营销学课程为例 深度混合学习/OBE理念/市场营销/教学设计 数字技术发展加速了高校线上线下混合式“金课”打造。引用深度混合学习理念，并融合成果导向（OBE）教学模式，构建基于OBE理念的深度混合学习教学设计模型，并以市场营销课程为例开展实证研究，实践表明：学生通过课前、课中和课后的深度混合学习，学习能力明显提升；线上线下资源互补有效促进课程思政元素巧妙融合在情感目标中；形成了“教师和学生双中心”模式，人才教学培养目标得以更好实现。
F7,“一体两翼四轮驱动”培养国际商务硕士专业学位研究生应用能力的探索与实践——以江西财经大学为例 国际商务硕士/专业学位研究生/应用能力 增强国际商务硕士专业学位研究生应用能力是全日制专业学位研究生培养的核心，也是推动我国研究生教育教学质量的关键所在。介绍江西财经大学在国际商务（MIB）专业学位研究生人才培养过程中采用的“一体两翼四轮驱动”模式，强调以细分专业方向的人才培养为主体，优化校内导师和校外导师“两翼”协同培养机制，推进教学改革、学科竞赛、专业实践、社会服务四轮驱动，切实提升专业学位研究生培养质量。该人才培养模式的创新性受到广泛认可，显著提升了国际商务专业学位研究生的应用能力。
F7,科技人才涉农数字商务创业能力提升路径的扎根研究——基于政策契合、资源整合与技能拓展的视角 科技人才/涉农数字商务/创业能力/提升路径 文章运用扎根理论对科技人才通过政策契合、资源整合等过程提升自身涉农数字商务创业能力的路径开展研究，结果发现：科技人才可以通过政策引领、创业需求识别、扶持政策匹配、项目资助申报这一过程完成对政府的政策契合；获得政策资助后，经过项目配套投入、创业资源优化、资源约束突破三个步骤实现资源整合，由此得到创业能力的提升。在此基础上，提出科技人才涉农数字商务创业能力包括政策机会把握能力、创业资源掌控能力、数字商务创新能力和创业执行运营能力四个维度。
F7,云南农产品外贸企业产业链标准化建设路径研究 外贸企业/产业链/标准化/云南 云南省作为中国的重要农产品出口省份，拥有丰富多样的农产品资源和独特的地理位置优势，云南的农产品外贸企业面临着巨大的发展机遇。然而，虽然云南具备这些潜力，但在国际市场上，其农产品外贸企业依然面临一系列挑战，包括产品质量标准不足、产业链协同不足等问题，制约了云南农产品外贸企业全面发展和国际竞争力的提高。为了更加深入地分析云南农产品外贸企业产业链标准化建设的情况，提高其在国际市场上的竞争力，本文从国际商务专业的角度出发，探讨如何在云南省内推动农产品外贸企业产业链标准化建设，进而促进农产品出口的持续增长，以期为云南农产品外贸企业提供借鉴和指导，以充分发挥其在国际市场上的潜力。
F7,基于互联网的皮革企业跨境电商转型升级实践 皮革企业/基于互联网 互联网的爆发极大程度地加速着皮革产业跨境电商的发展进程。2022年，即使在国内外经济形势错综复杂、叠加2021年高基数的情况下，皮革行业出口仍首次突破千亿美元大关，同比增长19.3%，占当年我国出口总额的2.99%。其中基于互联网的跨境电商功不可没。但是，在取得成绩的时候也要认识到皮革企业跨境电商模式中仍潜在诸多问题，想要充分利用时代赋予的契机，就必须发挥自身优势、弥补相关漏洞，不断扩大我国皮革产业的国际市场，为皮革产业国家化贸易增加竞争优势。
F7,电子商务产品质量研究文献可视化分析 电子商务/产品质量/文献计量 不同于传统消费模式，电子商务消费体验模式减少了时空条件对消费者群体的限制，但产品质量依然是影响消费者群体购买意愿的重要影响因素，是商品生产商提升质量形象重要抓手，也是监管部门维护有序市场的指标要素。本文采用文献计量的方法和工具，对国内电子商务产品质量相关研究领域内公开发表的文献进行分析，对电子商务发展过程中出现的一系列问题，提出质量提升监管建议，结果显示研究热点有电子商务平台、营销策略、跨境电子商务等，而直播带货、社交电子商务等则是国内学者近两年最为关注的研究课题。
F7,好评返现行为分析与规制 好评返现/法律规制/电商平台 在电商经济获得蓬勃发展的同时，商业模式也得到持续创新，但逐利这一本质属性驱使商家采用多种方式增加产品销量，以期获得最大利益。鉴于目前落后的绝对化评价机制、单一的广告营销方式、消费者怠于行使评价权这一现状，好评返现应运而生。其作为一种商业模式是竞争的产物，但存在着缺乏明确法律规制、实务中举证困难与执法效果差的规制困境，应当从立法、执法、司法三个层面对其进行有效规制，在三个层面交互作用下推动电商经济持续健康发展。
F7,农村电商场域下小农户可持续生计研究动态及展望 小农户/农村电子商务/可持续生计 在数字乡村建设及乡村振兴背景下，农村电子商务的发展成为数商兴农的重要组成部分，小农户是农村电商场域中的主体对象。文章主要以农村电商场域下小农户可持续生计为切入点，从小农户和电子商务、农村电子商务场域、农户生计分析框架及农户生计研究方法四个方面对国内外研究动态进行综述和展望，最终得出在生计资本(微观)—惯习(中观)—场域(宏观)系统研究视角下的农村电商场域下小农户可持续生计研究动态及展望。
F7,网络直播营销对大学生消费群体购买决策的影响 网络直播/网络营销/大学生/购买决策 随着互联网技术的发展，网络直播营销给大学生群体带来了很大影响。采用问卷调查法对某高校大学生群体进行购物意愿调查。结果显示，多数大学生观看过网络直播营销并购买过相关产品，有一小部分大学生对网络直播营销的认知较低，没有观看过网络直播营销；网络直播营销的产品质量、优感力度、博主个人魅力、信任度、高度互动性、增值内容、大学生的认知态度和情感态度与大学生群体的购买意愿呈显著正相关；网络直播中博主的个人魅力、高度互动性和优惠力度以及大学生的情感态度和认知态度均对其购买决策产生正面预测作用。各高校应指导大学生正确认识网络直播营销，引导大学生群体理性消费。
F7,四川知识密集型服务业与制造业深度融合发展的路径研究 知识密集型服务业/制造业/产业融合 “两业”融合发展是工业化中后期的发展特征，其中生产率较高的知识密集型服务业已成为引领制造业向价值链中高端迈进的重要引擎。本文主要从知识密集型服务业的知识渗透性、嵌入制造业产业链位置的差异，分析四川知识密集型服务业与制造业融合发展存在的问题，有针对性地提出推进二者深度融合的发展路径，以期对相关政策制定与实施提供有价值的参考。
F7,河南省智慧健康养老服务体系构建和优化路径研究 河南省/智慧健康养老服务体系构建/优化路径 近年来，河南省在智慧养老方面开展了一系列的创新性建设试点工作，在政策体系建设、养老基础设施建设、服务模式探索、人才培养、智慧养老建设等方面取得了一定的成效，但仍有许多不足，如顶层设计统筹不足、相关标准未统一、智慧健康养老产业链未形成、智慧健康养老社会基础不足、人力资源短缺等，需要不断优化。河南省智慧健康养老服务体系构建和优化应从发挥党委领导、政府主导核心作用、制定完善统一标准、推进智慧养老行业协会建设、加强智慧养老产业体系建设、加大智慧健康养老推广宣传、加快智慧健康养老人才培养等方面进行完善，充分整合养老资源，最终构建高效、优化的智慧健康养老服务体系。
F7,电商元宇宙的价值创造、要素系统与实现路径 元宇宙+/电商元宇宙/要素系统/数字孪生 元宇宙是整合各项新型数字化技术的统摄性系统，“元宇宙+”是继“互联网+”后的新一轮信息化发展新业态，会推动经济社会的优化升级与全新发展。电子商务是连接消费信息化与产业信息化的纽带，电子商务具有庞大的消费基础与坚实的数字化条件，电子商务与元宇宙的结合是最容易实现、也是最能爆发创新与产生竞争力的领域。文章明确了电商元宇宙的产生背景与定义特征，分析了电商元宇宙运行的基本理论，揭示了电商元宇宙的价值创造源泉，构建了电商元宇宙建设的要素系统，提出了电商元宇宙实施的现实路径。
F7,乡村振兴背景下直播带货工匠型人才培养现状及对策研究 乡村振兴/直播带货/工匠型人才/人才培养 随着乡村振兴的不断深入，直播带货是一种通过网络直播平台，主播向观众介绍和推销产品的销售方式，这种模式在中国崭露头角后迅速风靡，成为电子商务领域的一大亮点。直播带货已成为我国乡村振兴战略的一项重要举措，这一新型电子商务模式为地方产品提供了全新的销售渠道，让农村的特色产品可以走得更远，同时也为农村经济的发展注入了新活力。乡村振兴战略背景下，直播带货不仅是一种商业模式，还是一项推动农村发展的战略工具。本文旨在探讨培养不仅熟悉和了解各种商品的生产、性能、特性和使用方法，有较强的语言表达能力，而且还爱岗敬业，有个人魅力、感染力，重视形态、服饰、动作等综合素质的直播带货工匠型人才的问题研究，以供参考。
F7,江西省中医药康养旅游SWOT分析及发展策略研究 中医药/康养旅游/SWOT分析/发展策略 在健康中国及人们健康需求不断提高的背景下，发展中医药康养旅游产业已成为旅游经济的新亮点。江西省中医药文化悠久，中医药资源和旅游资源丰富，具有发展中医药康养旅游的天然优势。本文利用SWOT方法，分析江西省发展中医药康养旅游的优势、劣势、机会和威胁，提出发展策略，为江西省中医药康养旅游产业的发展提供参考。
F7,原油市场不确定风险、油价周期与中国金融周期的交互时变溢出效应 不确定风险/油价周期/金融周期/时变溢出 首先基于Beveridge-Nelson分解（B-N）从油价序列中提取原油市场不确定性风险和油价周期成分，进而构建二者与中国金融周期的时变参数向量自回归模型以及动态溢出指数予以分析。研究发现，三者间交互脉冲响应具有显著的时变特征；不确定性风险引致油价周期性波动中有很大的投机因素；金融周期在不确定性风险和油价周期性波动增强情况下更容易趋于紧缩，具体影响特征与中国石油对外依存度、金融开放度和市场运行状况以及投机因素相关。就三者构成的交互系统内部而言，不确定性风险是主要的冲击发动者，金融周期在2008年之前是主要的冲击接收者，之后金融周期对油价周期具有正的净溢出效应，而油价周期成为系统冲击的接收对象，这源于中国经济实力的增强和原油市场竞争格局的改变。
F7,新发展格局下我国大豆进口市场分析 人民币汇率波动/进口依存度/大豆/固定效应模型 采用2009—2021年我国进口主要大豆来源国的年份进口数据，运用双向固定效应模型，主要从人民币汇率波动和大豆进口依存度变化情况分析对我国大豆进口的影响。结果表明当人民币对大豆有高依赖性进口来源国家升值时，从该国进口大豆会产生正向影响，人民币升值越多，从该国家进口额越大。因此应稳定汇率水平，同时提升大豆的自给能力，确保我国大豆供应的稳定。
F7,以“卓越班”为载体的高职商科卓越人才培养实践与探索 卓越人才/卓越班/人才培养模式/高职 卓越人才培养是高职教育从通才教育到英才教育的教育方式变革，有助于解决教育产品供给同质化与人才培养需求多元化不匹配的矛盾。广东工贸职业技术学院商务管理专业组建“苏宁智慧零售卓越班”“百果园卓越店长班”等多个校企协同育人载体，以高职商科卓越人才素质框架体系为逻辑出发点，探索“三高并举”卓越人才培养模式，研制四维度人才培养标准，构建“平台—特长—潜能”三阶段课程结构，实施“协同式、实战型、柔性化”卓越人才培养路径，开发导向性评价体系，建设关键外部协同条件，致力于为行业输送终端运营管理拔尖创新型人才。
F7,消费者网购冲动消费的影响因素及实证分析 冲动消费/享乐主义/唯物主义/回购意愿 随着电子商务的普及，越来越多的资料数据表明，消费者网络冲动购买行为正不断发生。本文是一项探索性研究，旨在研究影响或构成中国市场冲动消费的潜在因素，研究的主要目标是确定冲动购买因素与享乐主义之间的联系，采用问卷效度检验、描述性统计、相关分析、回归分析、调节效应检验等研究方法，探讨消费者冲动购买与各种因素之间的关系。此外，本文检验了享乐主义和唯物主义在这些关系中的调节作用。研究结果表明，社交媒体、促销、在线评论、视觉吸引力、感知产品可用性和冲动购买行为之间存在显著的正相关关系，还发现了冲动购买与购买后悔和回购意愿之间的联系，本研究仅供参考。
F7,人口老龄化背景下居家养老护理方式研究 老龄化/居家养老护理服务/养老模式 随着中国人口老龄化程度日益加深，社会的养老需求不断增加，养老行业市场前景广阔。家庭养老、社区居家养老与机构养老是我国的三种基本养老模式，其发展过程中各有利弊。基于养老行业的发展趋势，居家养老护理服务项目应运而生。与传统养老服务相比，居家养老护理服务可根据家庭实际情况，由具备专业知识与技能的工作人员上门，提供个性化、专业化养老服务，有利于推动养老行业规范化、信息化管理，缓解子女压力，减轻养老经济负担，对未来养老行业的发展具有重要意义。但居家养老护理服务项目发展也面临着准备周期长，对护理人员要求更严格，所需人力、物力、资金成本较高，养老专业人才匮乏等挑战，值得深入研究。
F7,“互联网+”智慧养老发展现状及其优化路径 老龄化/智慧养老/信息技术/创新服务 “互联网+”智慧养老服务是利用互联网与现代信息技术搭建智慧平台，为老年人提供居家、社区与机构养老服务的一种新模式，能够整合各类服务资源，提供更加个性化与多样化的养老服务。当前，“互联网+”智慧养老仍面临专业人才短缺、智慧平台不适老、服务供需不平衡及资源整合不充分等问题。为进一步优化智慧养老服务，应采取优化服务、提升专业精度及完善相关智能设备的适老化与人性化设计等措施，以更好地提高智慧养老服务效果，进一步实现智慧养老的全域覆盖，更好解决养老问题。
F7,乌克兰危机对俄罗斯原油出口影响及中俄油气合作思考 乌克兰危机/俄罗斯/原油出口/制裁 俄罗斯是世界第二大原油生产国和出口国，对世界能源市场的稳定具有举足轻重的意义。来自油气行业的税收占俄罗斯预算收入的40%左右，是俄罗斯经济社会发展的最重要基础。乌克兰危机爆发以来，西方国家对俄罗斯实施11轮制裁，涵盖经济、社会、外交、军事等各方面。2022年12月5日，欧盟停止进口俄罗斯海上原油，G7国家和澳大利亚宣布对俄罗斯海上原油设置60美元/bbl的限价措施，在波罗的海交割的乌拉尔原油价格应声下跌，交易价格维持在40～50美元/bbl的水平，大幅低于限价上限。以国际上部分权威油气数据库和期刊数据为基础，通过追踪分析乌克兰危机对俄罗斯原油出口的影响，有利于弄清中国对俄罗斯油气合作面临的机遇和挑战，为深化中俄能源合作提供借鉴。乌克兰危机已经引起世界地缘政治和能源格局发生深度调整，中国能源发展必须未雨绸缪，在更高维度以创造性思维谋划中国能源安全图谱，同时注意在合作的过程中抓好风险防范，避免被西方次级制裁影响，确保在风险可控的条件下切实端牢能源饭碗。
F7,高并发条件下消息队列的设计与实现 高并发/消息队列/智能分析 针对电商平台商品销售功能存在的消息队列并发量不高、对服务器要求过高、占用系统资源过多等问题，研发设计了一个即时消息列队FineMQ。该消息列队利用中间件的处理能力解决应用解耦，通过消息队列的分流特性使系统在遭遇高并发场景时不会瘫痪，提升了系统的稳定性及安全性，减轻了服务器压力，减少了占用的内存。
F7,基于OBE的《商务英语》“6I”教学模式探究与实践 商务英语/OBE/6I教学模式 商务英语是专门用途英语的重要分支。目前《商务英语》ESP课程教学主要存在三大问题：学生商务英语系统性知识匮乏；学生商务英语语用能力薄弱；教学评价指标局限于语言与能力双层维度。基于此，笔者提出采用基于成果导向的“6I”教学模式，跨学科重构教学内容，构建价值、知识、能力培育三向同行评价指标的方案来提升课堂教学效果，为ESP专业发展和复合型应用人才的培养提供助力。
F7,“新商科”背景下创新创业人才培养对策研究 新文科/创新创业/企业家才能/四位一体 在新文科建设背景下，对高校商科创新创业人才培养提出了新要求。构建以育人、育才为中心的发展格局，促进专业优化，夯实课程体系，推动模式创新，实现学科深度交叉融合是新文科发展目标下对商科院校创新创业人才培养提出的重要任务。创新创业培养是商科院校将现代信息技术融入学科，达到知识扩展性和创新思维培养的重要方式，通过培养学生新商科“双创”精神，来提升新商科人才培养质量，进而培养“企业家精神”。深化新时代创新创业教师队伍建设，从激发企业意识，构建创新创业体系，打造创新创业师资队伍，搭建多元育人平台等视角提出创新创业人才培养模式对策建议，为新商科人才培养提供参考。
F7,中国夜间经济发展研究综述 夜间经济/城市经济/夜间旅游 近年来，夜间经济逐渐成为我国扩大内需，满足人民美好生活需要的重要抓手。按时间历程梳理夜间经济研究现状后，从含义与特征、城市设施与治理、夜间旅游与休闲展开综述，在此基础上提出未来夜间经济的发展策略和研究趋势。
F7,"老龄化背景下养老服务的需求与供给分析——以酒泉市为例 人口老龄化/养老服务/养老供给/养老需求 在人口老龄化趋势下，养老服务的需求量逐渐增大。通过对酒泉市老年人进行随机访问，发现一半以上的老年人产生养老服务需求的原因为“空巢老年人，避免给子女添麻烦”及“独居，无人照顾”,反映出养老服务业发展中仍存在许多问题。加强政府引导监督，丰富养老服务产品供给，积极完善养老服务市场，可以为推动我国养老服务业的发展提供参考。"
F7,跨境电商品牌的整合营销策略分析——以Shein为例 跨境品牌/Shein/整合营销 随着中国基础制造业的升级发展，越来越多的中国企业选择跨境“出海”。快速更新迭代的互联网技术促进了跨境电商企业营销模式的创新。在此基础上，跨境电商企业构建了基于产品、价格、渠道和促销四个维度的整合营销策略，有力推动了企业的品牌建设历程。以出海品牌的领头羊SHEIN为研究对象，对其整合营销策略进行分析研究，总结跨境电商品牌的成功经验，旨在为促进中国企业开拓海外市场提供相关建议。
F7,数字经济背景下我国国际商务人才培养模式研究 数字经济/国际商务/人才培养模式 物联网、云计算以及大数据等智能技术在人类经济社会生活中的广泛应用和深度嵌入，给我国国际商务人才培养带来了机遇和挑战。围绕人才培养目标、培养体系和培养方法，详细阐述数字经济背景下我国国际商务人才培养模式的创新，树立智能素养的创新型人才目标、打造智能化的教育生态体系以及实施师生共助“群智协同”培养方法培。养具备人工智能给我国国际商务人才培养模式带来的挑战。提出了具体的改革意见，明确数字经济时代国际。商务人才培养目标，充分利用数智技术，推动教育模式的智能化发展，培养学生的创新创业能力。
F7,人口老龄化背景下郑州市社区居家养老服务模式的构建 人口老龄化/社区居家养老服务/郑州市 为更好地满足老年群体的多样化养老需求，提升其幸福感，通过问卷调查法、文献分析法对郑州市养老服务行业现状进行调查，发现其社区居家养老模式存在服务内容单一、服务效率低下等问题。构建新型社区居家养老模式，健全监督体系、拓宽经营方式、优化智能平台、加强人才培养等能一定程度上提升社区居家养老服务质量，纾解人口老龄化问题。
F7,健康老龄化理念下老年人幸福感的影响因素及其实现途径——基于CHARLS数据的实证分析 健康老龄化/老年人/主观幸福感 根据中国健康与养老追踪调查(CHARLS)2018年全国基线调查数据，通过二项logistic回归模型对被解释变量进行回归分析发现，老年人主观幸福感受多种因素的影响，其中婚姻状况、健康状况、身体疼痛程度、年经济收入、有无保险等因素对其的主观幸福感具有显著的正向或负向影响，性别、年龄、教育水平、慢性病情况对其的主观幸福感影响不显著。政府相关部门应在政策上向老年人倾斜，为其提供增加经济收入的工作机会及更多的社会保障与福利；相关社会组织应在健康、理财、生活等方面为老年人提供更多的关爱与支持等，这将有助于提升老年人的养老质量与幸福感，促进社会的和谐发展。
F7,新文科背景下农业院校国际贸易专业课程思政建设路径研究——以国际贸易实务为例 国际贸易实务/课程思政/理念/目标 结合教育部新文科建设要求，围绕国际贸易专业课课程性质和涉农高校的育人目标，国际贸易实务课程教师团队确立了“躬身自省、仰望星空、脚踏实地”三条课程思政实施进阶主线，确立了扎根中国、情系三农、立足时代三大课程思政建设总体目标。深入挖掘课程思政元素，形成了四大主题、六大类型，不断调整丰富、与时俱进的思政素材库。通过讲授——互动——学生主动挖掘——实验实践四位一体、层层递进的教学实现方式将思政元素、理念，精准、无痕地融入专业知识，构建包含问卷调查、思考讨论、项目作业、实验报告、期末考试五大板块的发展式课程考核评价体系，以更好地实现专业课思政育人成效。
F7,智慧养老落地困境及对策 智慧养老/知识图谱/困境/对策 智慧养老是当前社会关注的热门话题，但智慧养老的落地仍面临着一些问题。本文结合实践经验，分析智慧养老在实践落地中面临的困境，并提出相应的对策。
F7,基于K-Means聚类分析法的大数据环境下电商精确营销策略 数据挖掘/回归分析/K-Means聚类算法/精确营销 通过对陇南农产品电商销售大数据的挖掘分析，用回归分析找到商品收藏量与销售量的相关程度，利用K-Means聚类算法对商品的特征进行聚类分析。以特征分析为基础，从时令商品预售、价格层次、智能推送、直播带货和物流配送五个方面为陇南农产品电商销售制定出更为高效的营销策略。
F7,粤港澳大湾区中医药康养旅游产业发展探析 粤港澳大湾区/中医药/康养旅游 近年来，随着粤港澳大湾区建设推进，中医药康养旅游发展迎来新的契机。文章对大湾区内中医药康养旅游产业的发展背景、现状及问题进行总结和梳理，旨在为大湾区中医药康养旅游产业的发展寻找新方法和新途径。建议将中医药康养旅游通过新媒体短视频、联动国产优秀游戏等方式进行“破圈”式宣传、建立大湾区康养产业IP、加强中医药人才培养等。
F7,"1+X证书制度下国际商务专业实践课程的改革与建设研究 1+X证书/国际商务专业/实践课程/改革与建设 1+X证书制度是国家职业教育的重大改革举措,制度设计鼓励学生在获得学历证书的同时,可以考取多类职业技能等级证书,拓展就业创业本领,缓解结构性就业矛盾。文章根据国际商务专业人才培养与外贸企业人才需求之间存在供需矛盾的现状,通过对高校、行业企业走访调研及毕业生的问卷调查,剖析了国际商务专业实践课程存在的问题,并在此基础上探索了1+X证书制度下国际商务专业实践课程改革与建设的路径,旨在提升学生职业技能和就业能力,培养出符合企业需求和产业经济发展所需的高素质技术技能型人才。"
F7,跨境电子商务课程学生自主学习能力探究 教学态度/自主学习能力/任务驱动型教学方法/课程思政 跨境电商作为国际贸易新业态，成为拉动我国外贸发展的引擎。为了适应时代需求，培养高水平的创新人才，跨境电商课程中更应该大力提倡自主学习。基于实践教学经验和理论文献研究，总结了影响学生自主学习能力的因素。以高等院校跨境电子商务课程的学生为研究对象搜集数据，利用SPSS及AMOS软件进行分析。研究结果显示：教师教学态度会影响任务驱动型教学方法的实施，影响学生自主学习能力，任务驱动型教学方法会影响学生自主学习能力，教师教学态度和学生自主学习能力之间起到部分中介作用，课程思政在教师教学态度和任务驱动型教学方法之间起到调节作用，
F7,陕西自贸区农产品出口的发展路径研究——借鉴CPTPP成员国经验 陕西自贸区/农产品出口/CPTPP成员国 区域经贸合作的加深推动了农产品贸易，也使之成为地区经济增长新的引擎。陕西省作为农业大省，农产品出口水平却与农产业发展水平不匹配，陕西自贸区在农产品出口上有较大发展空间。为促进陕西农产品的出口，分析了陕西农产品出口现状，并对比CPTPP成员国的农产品出口结构与出口收益，探讨了陕西农产品出口存在的问题与原因。对此，借鉴CPTPP成员国农产品出口经验，指出陕西自贸区应加强农业科技支持，加强农产品品牌建设，提升产品品质，建立外向型农产品基地，并依托跨境电商与中欧班列，探索出陕西农产品出口的新路径，从而推动陕西自贸区的发展。
F7,湘西土家族苗族自治州森林康养产业发展现状及对策探究 森林康养/湘西土家族苗族自治州/资源整合 发展森林康养产业有利于精准扶贫与乡村振兴的有效衔接，以及国有森林资源的保护和利用。湘西土家族苗族自治州森林康养产业发展存在生态保护与经济发展矛盾突出，森林康养产品提供不足，公司化运作能力不足和资金短缺等问题。本文提出提高资源规划整合能力，延长产业链和加快产业融合，提高资金整合能力，提升经营和管理主体的市场化参与能力等系列建议，为促进湘西土家族苗族自治州森林康养产业发展提供了有益参考。
F7,新时代供销合作社改革在农业强国建设中的作用 新时代/供销合作社/农业强国/为农服务 农业强国是社会主义现代化强国的根基，人民幸福、社会稳定、国家安全都离不开农业发展。建设具有中国特色的农业强国，必须扎根中国大地，从我国国情农情出发，按照党的二十大报告要求，转变农业发展思路，推进农业高质量发展，探索具有中国特色的实践路径，走我们自己的路。新时代党和国家高度重视供销合作社的改革和发展，如何发挥供销合作社在农业强国建设中的独特优势与作用，是供销合作社新的使命。
F7,自贸区背景下黑龙江省双创型跨境电商人才培养模式改革研究——以黑龙江科技大学为例 自贸区/双创型人才/跨境电商/人才培养 黑龙江自贸区成立以来，在促进黑龙江省跨境电商发展上起到了重要引领作用。人才是经济发展的第一资源，是创新发展的首要因素，黑龙江省跨境电商人才培养对推动黑龙江省跨境电商持续性发展具有重要意义。为此，黑龙江省高校应加强对双创型跨境电商人才的培养，构建“一个办学理念，两个专业特色，三个融合教育，四项能力素养”的跨境电商人才培养体系。
F7,基于产出导向法的国际商务谈判SPOC混合式教学模式研究 SPOC/产出导向法/国际商务谈判/教学模式 国际商务谈判是一门实践性较强的跨学科课程。本研究基于产出导向法，构建了以学生为中心、以教师为主导，“课上任务驱动，线上任务促成，课上评价引导”的三位一体“学用评”结合SPOC混合式教学模式，对教学效果的实证研究表明，该教学模式有效提高了国际商务谈判课程的教学质量。
F7,高职院校商务英语专业实训教学创新与实践 商务英语/实训教学/跨境电商/校企合作 在高职院校商务英语专业教学中，实训教学是整个教学计划当中不可或缺的重要环节。传统的商务英语实训课程和人才培养模式已经不能满足日益变化的社会岗位需求，在分析高职院校商务英语实训教学现存的问题基础之上，深入探讨将跨境电商融入实训教学及人才培养体系，提出打造双师型教师队伍和企业合作团队、改善校内外实训环境条件和配套设施、校企共建实训基地，培养学生综合实践能力、创新创业能力等对策。
F7,数字贸易对中国制造业全球价值链地位提升的研究 数字贸易/数字贸易规模/制造业/制造业价值链地位 在数字经济背景下，数字贸易与制造业融合来优化产业结构，改变制造业在全球价值链中的地位。首先选取2005—2018年投入产出数据，测算出中国制造业全球价值链地位指数和制造业18个细分行业的全球价值链地位指数，再运用多元回归分析方法，选取2005—2018年中国数字贸易规模和制造业全球价值链地位指数进行实证分析，实证结果表明：数字贸易能促进制造业全球价值链地位的提升，数字贸易发展有助于制造业加速转型升级，提高制造业国际竞争力。随着信息技术快速发展，以数字经济为基础的数字贸易规模越来越大，应通过建立数字贸易示范区、建设数字基础设施等途径促进数字贸易和制造业深度融合，进而提升制造业全球价值链地位。
F7,数字经济背景下跨境电商应用型人才培养体系建设路径探索 数字经济/跨境电商/应用型人才 数字经济背景下，跨境电商应用型人才培养体系建设，不仅是数字赋能及反哺教育面临的必然趋势，更是服务发展的积极作为。本文聚焦数字经济跨境电商应用型人才培养现状，通过分析人才培养供需矛盾和识别相应动力，明确数字经济赋予跨境电商应用型人才培养体系建设的新方向，提高跨境电商人才培养质量，以供参考。
G8,新疆滑雪旅游服务实践经验与优化路向 体育经济/滑雪旅游服务/新疆 运用文献资料、实地调查、专家访谈等方法，分析新疆滑雪旅游服务目标定位、实践经验，并提出优化路向。目标定位：打造顶级度假群落，串联优势滑雪资源，激发文体旅协同配合，带动旅游业均衡发展。实践经验：注重多元化服务产品供给，积极打造冰雪旅游服务品牌，主动培养本地专业服务人才，重视提升旅游配套服务效率。优化路向：拓展服务类型，优化资源开发；强化品牌建设，增强区域竞争作用力；畅通人才渠道，推广标准化服务；优化配套服务，提升区域交通规划。
G8,户外精致露营的盈利模式探究 户外运动/精致露营/盈利模式/个性挖掘盈利模式 2020年被称为“精致露营元年”，相关运动产品销售迎来爆发式增长。精致露营是目前风靡各大社交媒体的户外运动方式，具有更生活化更潮流化的特征，激发国内市场快速发展。基于此，本文以精致露营为研究对象，首先对精致露营以及盈利模式作出明确定义，并运用文献阅读法、问卷调查法、实地考察法分析精致露营的利润对象、利润点、利润杠杆、利润来源和利润屏障。本文通过寻找精致露营市场在生产经营中的盈利机会，以期为我国精致露营行业可持续发展提供助力。
G8,羽毛球运动员表面肌电信号采集与提取仿真 羽毛球运动/表面肌电信号/上肢局部动作/小波变换 为更精确地分析羽毛球运动员上肢运动细节，提出基于表面肌电信号的采集与提取方法。采集不同的肌电信号反映动作状态，提取上肢局部动作特征向量，利用小波变换结合自适应滤波的方法对采集的不同动作对应的表面肌电信号进行预处理，获得纯净的表面肌电信号。利用神经网络算法比较表面肌电信号时域特征、频域特征以及时频特征对羽毛球运动员上肢运动的影响。通过计算机仿真验证上肢运动模拟模型合理性，结果表明，所提方法能有效采集羽毛球运动员上肢运动的规律，识别正确率高，动作执行完整度高。
G8,高校体育课程教学效果评价指标的建立及其实证检验 情感支持/学习效果/教学满意度 采用问卷调查法收集相关信息，构建高校体育课程教学效果评价指标。数据结果显示，高校体育课程教学效果评价指标包括教学内容、教学方法、情感支持、教学理念、应变及评价能力、教学满意度6个二级指标，各指标信效度水平良好，有利于完善高校体育课程教学效果评价体系，推动高校体育课程教学工作的高效率完成。
G8,乡村体育在乡村振兴中的作用及其发展路径——以贵州黔东南地区“村BA”为例 村BA/乡村体育/乡村振兴/群众体育 习近平总书记在党的二十大报告中提出“促进群众体育和竞技体育全面发展，加快建设体育强国，同时全面推进乡村振兴，加快构建新发展格局，着力推动高质量发展”的新要求。本文运用文献资料法和逻辑分析法，在乡村振兴战略的背景下，以贵州黔东南地区“村BA”为研究对象开展田野调查，深入分析在乡村地区体育助力乡村振兴的历程，以及乡村体育对社会团结的影响力，进一步提出这种“村BA”模式下乡村体育发展路径的研究目的。研究建议通过开展乡村体育活动，最终在广袤的农村地区掀起一股体育文化浪潮，增强群众的身体素质，提升群众的幸福感，借体育之力助推乡村全面振兴。
G8,"综合运动干预对大学生非特异性腰痛的影响研究 综合性运动干预/大学生/非特异性腰痛 目的：探讨综合运动干预方法对大学生非特异性腰痛的治疗效果。方法：招募符合实验要求的非特异性腰痛症状大学生54人，随机分为实验组（n=26人）和对照组（n=28人）。采用2*2双因素混合实验设计，组间变量为组别，即对照组和实验组；对照组接受相关健康教育，实验组在接受相关健康教育基础上，进行为期12周的综合性运动干预；组内变量为测量时间，即干预前、第4周、第8周、第12周，分别对两组进行视觉模拟评分（VAS）和脊柱功能自评量表（SSFS）测试。结果：VAS测评中，测量次数的主效应显著，F=24.229,P<0.001，偏η~2=0.592；测量时间对VAS主效应影响显著，F=7.981,P<0.001，偏η~2=0.324；与基线相比，实验组在干预4周后有明显的下降，干预12周后VAS评分显著性下降（P<0.05）。SFSS评分中，测量次数的主效应显著，F=100.730,P<0.001，偏η~2=0.660；测量次数对SFSS主效应影响非常显著，F=25.646,P<0.001，偏η~2=0.330；与基线相比，实验组SFSS在干预4周后既有明显的上升，后期每4周都呈非常显著性上升（P<0.01）；对照组在实验第8周至第12周显著性上升（P<0.05）。结论：综合性运动干预可以有效改善大学生慢性非特异性腰痛的疼痛程度，缓解腰部功能障碍，提高脊柱整体功能状况。"
G8,新发展阶段我国体卫融合的内在逻辑与价值使命 慢性疾病/疾病防控/健康中国/体育强国 面对人类疾病谱的变化，“深化体卫融合，推动健康关口前移”是应对未来疾病防控的全新趋势，更是实现健康中国、体育强国建设目标的重要支撑。研究认为：依据体育和医疗卫生在健康促进方面的服务侧重点，厘清了处于健康状态时需要以“体育为主、医卫为辅”的主动性预防，亚健康状态时需要“体育与医卫相互调整”的协调性预防或“医卫治疗、体育调节”的沟通性防治，以及不健康状态时需要以“医卫治疗为主、体育康复为辅”的通力配合的体卫融合的内在逻辑；提出了体卫融合的价值使命，即把握健康促进新认知、应对慢性疾病防控新变化、转变医疗卫生新角色、肩负体育责任新使命。
G8,"高桩南狮运动员专项素质与动态平衡能力的相关性研究 高桩南狮/专项素质/动态平衡能力/相关性 目的：探究狮头狮尾专项素质与动态平衡能力之间的相关性，检验目前高桩运动员的素质状况以及寻求提升专项训练的理论方法。方法：运用文献资料法、测试法、数理统计法以及逻辑分析法对16名参加过国家级竞赛并获取名次的高桩运动员进行专项素质和动态平衡能力测试。结果：（1）狮尾的立定跳远、卧推分值显著高于狮头（P<0.05），狮头的30m、50m、日字15次碎步、往返6*6、坐位体前屈显著高于狮尾（P<0.05）。（2）狮尾上肢平衡均好于狮头（P<0.05），下肢部分方向显著好于狮头（P<0.05），其他狮头均优于狮尾。（3）狮头双手斜上、狮尾双手外侧和双腿前方、整体双手斜上和双腿总分存在较为显著的不对称状况（P <0.05）。（4）狮头右手总分值与引体向上呈正相关（r=0.773），左手总分值和左右脚总分值与往返6*6呈正相关（r=0.774,0.801,0.758）。狮尾左脚总分值与日字15次碎步呈负相关（r=-0.815）。总体上运动员右手总分值与卧推呈正相关（r=0.530），四肢总分值与往返6*6呈正相关（r=0.674,0.609,0.500,0.698）。建议：（1）在后续的训练之中应该对运动员进行针对性的纠正和保护训练，避免后期产生运动损伤。（2）运动员可以通过具体的项目训练来提升高桩南狮所需要的精准素质需求，例如，通过6*6训练提升四肢动态平衡能力。"
G8,5G时代背景下国内体育类移动应用程序的传播、应用与展望 体育移动应用程序/体育APP/5G技术/应用程序技术 本文从传播和应用两个维度分析我国体育类移动应用程序现状，并提出我国体育类APP未来展望。研究发现：目前我国体育类移动应用市场以国内研制应用程序为主导，形成良好保护性市场；国内研制的高使用率应用程序在国际影响力相对较低。国内将体育类移动应用程序运用在运动训练、学校体育、体育消费、体育赛事、幼儿体育等领域。提出了以下展望：建立国内体育类移动应用四益模型，分别从经济发展、竞技水平、国民体质、学校体育方面介入改进。
G8,学习迁移理论在体育教学中的应用浅析 体育教学/学习迁移/体育综合素养/应用策略 学习迁移是指学生在某一学科中学到的知识会影响对其他学科知识的理解和认识。因此，将学习迁移理论应用在体育教学中，有利于学生理解体育知识，提高体育教学质量和效果。基于此，本文探究了目前体育教学中存在的问题，并结合学生实际发展情况构建了学习迁移理论在体育教学中的应用策略，以帮助学生形成良好的身体素质和心理品质，提升学生的体育综合素养。
G8,中国体育旅游景区效率时空格局与影响因素 体育旅游/A级景区/时空格局/效率 近年来体旅融合已然成为一种新趋势，如何进一步提高体育旅游景区的综合效率是当前亟待解决的问题。文中运用DEA模型、地理学相关方法和Tobit模型，针对2010-2022年中国49个体育旅游景区进行了效率测度，并对景区效率的时空格局、影响因素进行了分析。研究发现：1)体育旅游景区综合效率较低，主要原因是由于纯技术效率低造成的，且景区规模投入的边际效应已不断递减。2)从空间上看，体育旅游景区效率呈现出东高西低的不均衡态势，东部沿海地区景区形成集聚且效率相对较高；从时间格局上看，2010-2022年体育旅游景区的规模效率整体处于高位，纯技术效率2010-2019年效率稳步提升，2020-2022年有所波动，西部地区景区、刺激冒险型景区效率提升明显。3)体育旅游景区效率受交通通达性、气候条件、当地经济环境、体育发展状况及旅游产业结构等因素的影响，未来景区需注重减少规模投入和体育内容的增加。
G8,基于顾客满意度理论的健身房顾客满意度研究及建议 健身房顾客/满意度/服务质量 随着我国经济的发展，人们对于自身健康管理的需求与日俱增，对身体健康的重视程度逐渐提高。本文采用问卷调查法、访谈法、实地考察法的研究方法，以锦州沃德健身房顾客为调查研究对象，利用顾客满意度理论对沃德健身房顾客满意度进行调研，探讨影响健身房顾客满意度的因素，为改进顾客满意度提升策略提供理论依据。本研究从沃德健身房的运营现状入手，以顾客满意度理论为基础，从顾客与教练员、顾客对设施的需求等多个方面进行调查问卷设计。研究结果表明高效的服务质量直接影响着顾客满意度的上升，并且独特的品牌效应也是收获顾客的重要手段。基于此，对于沃德健身房的建议是应着重地提升其服务的多样化、质量化以及持续化。
G8,19世纪末至20世纪初苏格兰的中国艺术品收藏 苏格兰/中国藏品/藏家/跨文化研究 2017年开始，苏格兰国家博物馆与苏格兰境内的36家机构合作，调查了整个区域内的东亚藏品状况，该项目在2020年初以调查报告的形式公布了成果。本研究以该调查报告为线索，锁定中国物品大量流入的19世纪末至20世纪初这一时间段，以不同身份的藏家为切入点，将这个时期从中国历经迁转来到苏格兰的“藏品”放置于收藏者个体的生命历程以及宏观的历史背景中去考察。重构“藏品”和“收藏者”在历史现场中的身份对于揭示中国和苏格兰这两个地域间的互动，探析中国器物在异域的接受史及其背后的动因，以及描绘苏格兰的历史图景都有重要意义。
G8,数智赋能全民健身高质量发展研究 群众体育/全民健身/高质量发展/数智赋能 运用文献资料、逻辑分析等方法，探究数智赋能全民健身高质量发展的价值、困境，并提出发展路径。价值：为落实新发展理念奠定数智技术基础，为推动身边工程优化升级提供可行方案，为提升智慧化治理水平提供技术支持。困境：资源投入有限，赋能动力不强；数智基础薄弱，赋能效果欠佳；数据共享不足，赋能深度不够。路径：加大宣传力度，强化数智健身观念；增加资源投入，完善数智赋能保障；弥合社会差距，夯实数智赋能根基；开放数据共享，提升数字赋能深度。
G8,有氧运动联合二甲双胍改善2型糖尿病大鼠胰岛素抵抗及其对血清内脂素的影响 2型糖尿病/内脂素/有氧运动/二甲双胍 目的：本研究旨在通过观察6周有氧运动、二甲双胍及其两者联合干预，对2型糖尿病（T2DM）大鼠胰岛素抵抗的改善作用，及对血清内脂素（Visfatin）的影响，为有氧运动联合二甲双胍方案在2型糖尿病的治疗中的效果，提供试验依据。方法：选用8周龄SD雄性健康大鼠共计50只，随机挑选10只大鼠为正常对照组（C组），用标准普通饲料进行喂养。剩余的40只大鼠进行T2DM动物模型塑造。造模成功后的大鼠随机分为：糖尿病对照组（DM）、糖尿病运动组（DME）、糖尿病药物组（DMM）、糖尿病药物+运动组（DMME），进行6周的干预。6周后，检测各组大鼠TG、TC、FBG、FINS和Visfatin的含量。结果：（1）与C组相比，DM组TC和TG水平均表现出极显著升高（P<0.01）；与DM组相比，DME组、DMM组、DMME组TC水平均显著性降低（P<0.05）；与DM组相比，DME组、DMM组、DMME组TG含量均呈下降趋势，其中DMM组具有极显著性差异（P<0.01）。（2）与C组相比，DM组胰岛素抵抗指数（HOMA-IR）显著升高（P<0.05）；与DM组相比，DME组、DMM组、DMME组胰岛素抵抗指数均呈下降趋势，其中以DME组、DMME组下降显著（P<0.05）。（3）与C组相比，DM组Visfatin水平极显著升高（P<0.01）；与DM组相比，DME组、DMM组、DMME组Visfatin水平均呈下降趋势，其中以DMME组下降趋势最为明显，但无显著性差异（P>0.05）。结论：（1）有氧运动、二甲双胍及二者联合均能在一定程度上纠正T2DM大鼠糖脂代谢的紊乱，改善T2DM大鼠胰岛素抵抗。（2）有氧运动、二甲双胍二者联合干预的效果有优于单一干预的趋势。
G8,中华体育精神融入体育课程思政案例库建设的研究 中华体育精神/课程思政/体育课程思政/案例库 在体育课程思政教学中引入案例教学法，是提高课程思政教学效果的有益尝试，而构建案例库是系统开展案例教学的基础。中华体育精神作为我国优秀传统文化的一部分，其丰富的精神内涵与体育课程思政教学目标高度契合，大量丰富形象而广为传播的素材是体育课程思政案例库的宝贵资源。中华体育精神融入体育课程思政案例库建设是个系统工程，应以体育类人才思政培养目标为基础，健全制度保障，做好宏观架构。在具体建设流程方面，以中华体育精神的内涵为依据，按照内容模块确定、样式标准选择、素材搜集、案例编写、实践应用、反馈修改6个步骤进行动态建设，并有计划地开展更新、维护和共享。
G8,共情传播视域下中国体育故事跨文化传播的国际认同建构 中国体育故事/跨文化传播/共情传播/国际认同 中国体育故事存在国际认同不足等困境，如何基于文化陌生感的语境建构中国体育故事跨文化传播的国际认同，是亟待思考的现实议题。该研究以共情传播为理论，指出了中国体育故事中的共情元素、共性历史、共同诉求和共通价值，为跨文化传播中建构国际认同提供了共情可能。并以国际认同的建构为导向，构建了中国体育故事跨文化传播中的共情传播模式，认为承载不同价值观、不同主题的中国体育故事，在相应的跨文化传播场域，能够经由共情传播建构国际认同。基于这一模式提出了中国体育故事跨文化传播中建构国际认同的路径：提炼中国体育故事与世界的共情元素，消解认知偏差；从平民视角和他者视角讲述中国体育故事，强化情感认同；强化中国体育交流故事传播中的聚合效应，以共识促认同。
G8,文体旅融合视角下的天府绿道发展路径研究 文体旅融合/天府绿道/产业融合/发展路径 当前成都市体育产业规模达到近千亿元，产业贡献度日益凸显，已经成为促进经济增长动能转换、推动经济社会转型的重要引擎，绿道体育经济在成都全面建设践行新发展理念的公园城市示范区和推动高质量发展、创造高品质生活中具有重要作用。本文对现有天府绿道体育相关产业的运营方式、特色进行调研，总结归纳文化旅游相关项目在绿道体育产业中起到的积极作用，以及融合发展对成都经济可持续发展的正面影响。对比国内外优秀绿道体育发展案例，找出适合天府绿道体育发展的并且具有成都地域文化特色的项目，为成都推动以绿色新优势的可持续发展，建造高品质公园城市场景提供发展策略。
G8,后冬奥时代我国冰雪体育消费的现实审视与路径选择 后冬奥时代/冰雪体育消费/冰雪经济 后冬奥时代促进冰雪体育消费是冰雪体育产业高质量发展的重要内容。本文采用文献资料、逻辑分析等研究方法，对后冬奥时代我国冰雪体育消费发展的基础与困境进行研究，并提出促进路径。我国冰雪体育消费促进的现实基础表现为冰雪体育政策体系初步建立、冰雪体育消费需求持续高涨、冰雪体育场地设施逐渐完善。但是还存在冰雪体育消费有效需求不够、冰雪体育消费供给效能不足、冰雪体育技术创新能力不强、冰雪体育市场治理体系不完善等现实困境。提出促进路径：增强冰雪体育人口消费能力，释放有效需求潜能；继续深化供给侧结构性改革，提升精准供给能力；着力推动技术创新升级，强化冰雪领域适应性；政府调控与市场调节相结合，提高精细治理水平。
G8,可穿戴式汗液传感器在运动监测中的研究进展 运动监测/汗液传感器/可穿戴设备/生化分析 可穿戴式汗液传感器可以解决运动监测中送检周期长、汗液收集分析程序繁杂、难以连续监测等难题。能够在不同的运动环境中对运动员的汗液进行实时监测，可动态了解运动员身体机能和训练效果。依据技术原理将可穿戴式汗液传感器进行了分类，梳理分析了可穿戴式汗液传感器在运动监测中的研究进展，讨论了在运动监测应用中面临的挑战，展望了未来在运动监测领域的发展的方向。具有高灵敏度、多功能集成、快速响应等功能的可穿戴式汗液传感器在运动监测领域具有广阔的应用前景。
G8,区块链赋能全民健身公共服务供给治理研究 区块链赋能/全民健身公共服务供给/服务金三角理论模型/全民健身 运用文献资料法，探究区块链赋能全民健身公共服务供给治理的理论框架、变革向度及精准路径。研究认为：基于“服务金三角”理论模型构建全民健身公共服务供给治理框架，从服务需求重构、供给战略重构、供给系统重构、供给主体重构等方面诠释变革向度。并提出建构“链式”管理“、公有链”运作平台、需求精准管理和供给科学决策、创新赋能机制的供给实践框架，从供给需求、供给战略、供给系统、供给主体层面阐释区块链嵌入供给治理风险，为规避风险提出政府、企业、社会、个体应对路径。
G8,新文科背景下高校瑜伽课程教学创新理念、现实困境与优化路径 新文科背景/高校瑜伽/课程教学/优化路径 在对新文科背景下高校瑜伽课程改革要求进行解读的基础上，本文运用文献资料等研究方法，探索新文科背景下高校瑜伽课程发展中存在的困境，并提出瑜伽课程教学创新路径。研究指出：在新文科理念指导下，应积极促进高校瑜伽课程教学理念的变革，坚持跨学科融合的教学思维转变、新技术赋能的教学模式创新以及实践性导向的教学目标搭建；目前，高校瑜伽课程发展中存在教学内容不够合理，教学效果不够全面、教学过程中瑜伽的哲学思源和文化内涵不足、课程思政元素嵌入不足等问题；本文从注重传统精髓的保留和发展、融入现代科技与智能、整合身心健康与当代生活需求、采取智慧化的教学方法提出了教学路径优化的主要方向，从技巧教学、理论框架、创新表演等部分提出了课程内容构建与教学模式创新思路，从六大方面提出了具体教学路径。
G8,食品营养学在体育训练中的应用——以“第五届中国绿色农业与食物营养高峰论坛暨硒区圆桌会议”为例 第五届/高峰论坛/食物营养/食品营养学 农业是食品营养的基础。农业生产提供了我们所需的各种食物，包括蔬菜、水果、谷物、肉类、乳制品等。农业发展和技术进步，可以改善食物的种类和品质，确保人们获得充足、多样和均衡的营养。食品安全是食品营养的基础，如果食品中存在安全问题，如重金属、农药残留等，就会对人体健康造成危害，影响到食物的营养价值。因此，确保食品的安全性是保证食品的营养价值和健康效益的前提条件。2023年10月，“第五届中国绿色农业与食物营养高峰论坛暨硒区圆桌会议”正式举行，会议中探讨营养赋能特色产业发展，共谋科技引领富硒产业升级。还围绕硒元素的功效与利用、硒标准认证、硒与食物营养等问题做了深入交流。本研究基于圆桌会议内容，从体育训练角度出发，探讨绿色农业背景下食品营养科学对体育训练的作用。
G8,黄河下游地区体育旅游产业高质量发展：逻辑、困境与纾解 黄河/双碳/双循环/体育旅游 在推进黄河流域生态保护和高质量发展的国家重大战略背景下，以传统工业布局为主的黄河下游地区亟待产业结构的优化转型。体育旅游作为一种新型业态，兼具绿色、生态、循环特性，可为实现“双碳”目标和构建“双循环”格局提供新动能。本研究以“理论逻辑-现实困境-纾解路径”为行文结构，结合田野调查，对黄河下游地区开展体育旅游的资源要素进行分析，为黄河流域生态保护和高质量发展提供理论参考和实践样本。结论认为：国家战略的叠加赋能，丰富的资源禀赋，地理区位优势，高涨的内需消费以及产业结构转型的时代诉求是理论逻辑；生态环境脆弱，区域差异明显，资源深度挖掘不足，责权利平衡难题是现实困境；应以健全政策体制为保障，以数字科技创新为驱动，以人才队伍建设为基础，以跨界协同合作为支撑，多元推进黄河下游地区体育旅游产业高质量发展。
G8,杭州市夜间体育经济发展现状及未来展望 夜间体育经济/亚运遗产/杭州市 杭州作为新型的互联网大城市，过去以其优美的自然景色和千年底蕴而著名，现在则因其现代化的便利和亚运会的盛名而联通全球。为了满足现代年轻人的夜间体育需求，杭州在近些年多次推出不同类型的夜间体育活动。本文通过深入研究发现，杭州市有着丰富的体育资源和浓厚的体育氛围，常住人口较年轻，参与夜间体育活动意愿较高，夜间体育经济近些年发展得如火如荼。但杭州夜间体育发展中存在着安全、交通不便和宣传不足等问题，之后发展过程中政府应采取相应的措施，选择性地升级改造智慧化的夜间体育活动中心，通过城市规划改善交通基础设施，鼓励更多的企业和赞助商参与。以“健身+”的方式，推动夜间体育经济可持续发展，进一步完善杭州公共体育服务体系，为城市夜间经济注入新的活力，为浙江建设共同富裕示范区积极贡献夜间体育力量。
G8,农村体育赛事赋能乡村振兴的价值意蕴、阻滞因素与模式创新 农村体育/农村体育赛事/乡村振兴 运用文献资料法，对农村体育赛事赋能乡村振兴的价值、阻碍和模式创新进行研究。农村体育赛事赋能乡村振兴的价值：以赛增文，助推乡村文化振兴；以赛汇才，助推乡村人才振兴；以赛促旅，助推乡村产业振兴；以赛塑形，助推乡村生态振兴；以赛促建，助推乡村组织振兴。阻滞因素包括：人口空心化导致体育人才匮乏；思想壁垒化造成群众基础薄弱；体系不健全引起赛事保障或缺；资金不稳定致使活动难以为继；模式未形成引发消费活力不足。模式创新：以政策为导向，打造“汇聚+培育”人才孵化模式；以倡导为引领，创建“直接+间接”群众参与模式；以完善为目标，锤炼“公平+规范”完备赛事模式；以多方为主体，缔造“政府+社会”资金筹集模式；以网络为关键，拓展“线上+线下”多维商业模式。
G8,韧性视角下我国体育产业链治理数字化转型研究 体育产业链/数字化转型/体育产业链韧性/体育产业现代化 运用文献资料法，在韧性视角下梳理了体育产业链治理数字化转型的基本内涵与价值意蕴，并从治理主体、治理手段、治理结构、治理资源维度探析体育产业链治理数字化转型的运行机制，并设计了推进路径：夯实制度基础，优化体育产业链治理实践环境；促进主体联动，实现体育产业链治理协同推进；搭建数字平台，增强体育产业链风险应对能力；加强要素支持，提升体育产业链数字治理效能。
G8,"乡村体育在激发乡村振兴活力方面的作用探讨 乡村体育/乡村振兴/作用探讨 全面推进乡村振兴是新时代建设农业强国的重要任务。乡村振兴旨在促进农村地区的经济、社会和文化发展,提高农民生活水平和幸福感,而乡村体育是促进农村社会发展和乡村文化传承的重要手段。作为一种体育活动形式,乡村体育有助于改善乡村居民的身心健康。乡村体育活动丰富了农民的业余生活,提供了锻炼身体的机会,缓解了压力并增强了身体素质。这不仅有助于提高农民的生活质量,还有助于增强劳动力素质和创造力。因此,《生态文明背景下乡村体育文化发展研究》一书就此进行了探讨。在当前乡村振兴的背景下,研究乡村体育的作用和推动乡村体育事业的发展,对于实现乡村振兴目标具有重要的理论和实践意义。"
G8,数字时代背景下高校体育教育数字化的新场景、新空间与新动能 数字时代/高校/体育教育/教育数字化 为了进一步加快了体育教育信息化的历史进程，顺应数字时代背景下高等体育教育数字化的发展方向，采用实地调查法、文献资料法和访谈法，重新审视高校体育教育工作。新阶段高校体育教学场景迎来“窗口式教学”向“集体化教学”的转变、“云端式教学”到“常态化教学”的回归，以及“传统式教学”向“数字化教学”的递进。研究认为：数字时代背景下高校体育教学观念与数字意识存在误差、体育教学行为与数字执行存在偏差、体育教学配置与数字设备存在均差，体育教学成果与数字实践存在落差，要缩小高等体育教育数字化在思维、能力、资源和应用中的空间，建议高校秉持数字化的思维与意识、获取数字化的知识与能力、覆盖数字化的资源与配置、启动数字化的应用与实践，在量的扩张与质的提升上双向发力，加快实现高等体育教育数字化的认知转型、行为转型、服务转型和创新转型。
G8,畲族传统体育发展的现状、困境及出路——基于福鼎硖门畲族乡的个案调查 畲族传统体育/发展/困境/出路 畲族传统体育是畲族人身体活动的一种实践方式，关注畲族传统体育有助于“和谐社会”的构建及“乡村振兴战略”的实施。采用深度访谈、实地调查、逻辑分析等方法对福鼎硖门畲族乡传统体育发展的现状、困境及出路进行研究。研究发现：硖门畲族乡9个行政村中仍有传承传统体育的村落只有3个，保存下来的传统体育项目仅剩5项；项目举办的形式多与节日庆典、体育旅游和学校运动会相融合。研究发现，畲族传统体育发展的主要困境在于，政府对于举办传统体育活动的宣传和经费支持以及对于传承人的经济补贴力度不够；硖门畲族人生活环境改变，畲族文化归属感不强；经济发展较为落后，适宜继承人数锐减；传承人思维认知有限、价值理念存在冲突等。据此，提出加强畲族传统体育宣传和保护工作、开发畲族传统体育文化旅游资源、促进畲族传统体育与传统节日深度融合、利用学校资源拓宽畲族传统体育发展空间4个相应的解决路径，旨为更快、更好地促进当代畲族传统体育的发展。
G8,新时代课程思政理念融入学校体育课程的内涵、困境及优化路径 体育课程/课程思政/立德树人/新时代 体育课程思政建设是落实立德树人根本任务的时代要求，是提升思想政治教育教学实效的有效路径，是促进时代新人全面发展的现实需要。运用文献资料法，对新时代体育课程思政的内涵、难点及优化路径进行深入剖析。研究表明：新时代课程思政内涵在立德树人、社会主义核心价值观、显隐融合三个维度方面蕴含着丰富的德育元素、育人情怀和科学方法。但体育课程思政建设仍面临着体育课程与思政教育融合度欠佳、体育教师课程思政能力薄弱、评价机制与保障措施尚未完善等难点问题。推进新时代课程思政建设，应有机融入思政教育，完善体育课程思政教学体系；提升教师综合素养，打造高水平师资团队；完善多方评价形式，多措并施建立健全体育课程思政保障机制。
G8,社区公共体育服务建设状况及发展路径研究 社区公共体育服务/基础建设/困境/发展路径 随着人民生活水平的提高，人们对追求生活的质量不断提升，对社区公共体育服务的需求也在不断提升。本文通过文献资料法、数理统计法和逻辑分析法对目前社区公共体育服务建设进行研究，将进一步对社区公共体育服务建设状况及发展路径展开探讨。研究得出，社区体育发展面临基础设施不完善、专业的社会体育指导人才较匮乏、社区体育服务管理体制不健全和网络化体育服务发展进程缓慢。建议增加社区公共体育服务的资金投入、建立专门的社会体育指导人才培养体系、加强社区公共体育服务的转型管理工作，以及加快社区体育网络化服务发展，以期助力全民健身可持续发展。
G8,“协商式抵抗”：国产女性向游戏中的女性形象 女性向游戏/女性形象/女性主体性/后女性主义 在网络游戏亚文化中，女性逐渐成为我国游戏市场重要的消费群体。以女性玩家为目标受众群体，设计、研发和运营的女性向游戏受到了女性消费市场的欢迎。目前国产女性向游戏的发展可以划分为起步阶段与成熟阶段，通过对多个具有代表性的游戏进行文本分析，研究从外形、性格、能力、社会身份四个维度归纳出不同阶段下国产女性向游戏所塑造的女性角色的总体特征。研究发现，随着国产女性向游戏的发展，其女性角色形象塑造呈现出从单一化、刻板化转向多元化、立体化的进步趋势，丰富和重构了以往游戏中的女性角色形象，对父权话语与男权文化提出了反抗。然而，现阶段女性向游戏对男性凝视和传统女性刻板印象的解构是初步且不完整的，它是对男权文化主导下的性别二元对立模式的一种协商式抵抗。
G8,茶文化赋能体育人文社会学发展 体育人文社会学/茶文化/体育产业/融合 体育学的实践在时代的演进中相继出现了扩大化与复杂化的现象，为了应对新时代体育学科所出现的问题，体育人文社会学应运而生，并逐渐成为体育学至关重要、不可或缺的构成部分。然而体育人文社会学的发展并非一帆风顺，从其他学科与文化中汲取营养自然是解决当下问题的关键，茶文化以其自身独特的魅力与影响力深深地影响着社会的各方面，也同时在体育产业、民族体育等诸多体育人文社会学的研究领域发挥作用。本文运用文献梳理、逻辑推理等方法分析了茶文化在体育人文社会学中起到的赋能作用，以期对当前相关理论做出贡献。
G8,民族传统体育现代化的理念来源、多维逻辑与实践基本点 民族传统体育/中国式现代化/理念来源/多维逻辑 民族传统体育现代化是促进中国式体育现代化的内在要求，也是实现体育强国的必由之路。运用文献资料法对民族传统体育现代化进行逻辑分析，认为民族传统体育现代化的理念来源于中国式体育现代化的目标指引、民族传统体育发展的内生动力、人民对体育锻炼意愿增长的外生需求；在实现民族传统体育现代化过程中应坚持人民至上、自信自立、守正创新、问题导向、系统观念、胸怀天下等多维逻辑；提出了实现民族传统体育现代化应必须立足于服务体育强国建设为中心、毫不动摇推进民族传统体育创造创新、坚持引进来和走出去的开放性格局三个实践基本点。在新时代民族传统体育实现现代化发展能够有效促进体育强国建设，更好地满足于中国式体育现代化的内在要求，在体育大国向体育强国转变过程中发挥出自身应有的优势与贡献。
G8,"体医融合对中老年2型糖尿病患者干预效果研究 体医融合干预/中老年2型糖尿病患者/健康体适能/血糖 目的：研究体医融合对中老年2型糖尿病患者血糖及健康体适能干预效果，为推进体医融合提供实验依据。方法：招募43名45～65岁2型糖尿病患者，进行14周体医融合干预。分别测试干预前、干预8周、干预14周受试者的血糖、糖化血红蛋白及身体成分、最大摄氧量、握力、坐位体前屈、闭眼单足站立、选择反应时等健康体适能，并使用SPSS26.0进行数据统计分析。结果：(1)干预后男性糖尿病患者体重、BMI、脂肪重量、脂肪百分比较干预前下降(P<0.05),且干预8周与14周比较，具有统计学差异(P<0.05);女性患者上述指标干预14周较干预前下降(P<0.05)。(2)干预后糖尿病患者VO_2max较干预前增加(P<0.05),但干预8周与14周比较，无统计学差异(P>0.05)。(3)干预后女性握力和男性坐位体前屈，干预14周女性坐位体前屈均较干预前升高(P<0.05),干预8周男性坐位体前屈与14周比较，具有统计学差异(P<0.05)。(4)干预后糖尿病患者闭眼单足站立时间较干预前延长，男性选择反应时较干预前缩短(P<0.05),女性干预14周选择反应时与干预前比较，具有统计学差异(P<0.05)。(5)干预后糖尿病患者糖化血红蛋白及女性血糖较干预前下降(P<0.05)。结论：体医融合干预可改善中老年2型糖尿病患者血糖和健康体适能水平。"
G8,混合式教学模式在大学体育教学中的应用路径 混合式教学模式/大学体育教学/线上线下教学 混合式教学模式结合了线上与线下教学的优势，能够提高大学体育教学的效果。本文首先探讨了混合式教学模式在大学体育教学中的构建，包括明确教学目标与内容、线上教学平台的搭建、线下实体课堂教学的组织以及反馈与评估机制的设立等内容；其次分析了混合式教学模式在大学体育教学中的实施路径，包括整合教学资源、优化课程设计、加强教师培训、提升教学能力、引导学生适应混合式学习模式以及建立完善的教学评估体系等内容。实践证明，混合式教学模式在大学体育教学中具有积极的影响和贡献。
G8,我国三人篮球职业化运营探讨 三人制篮球/超三联赛/裁判/三人篮球推广 随着三人制篮球运动正式成为奥运会比赛项目，三人制篮球项目的地位不断上升。在此背景下，为了促进我国三人制篮球的不断发展，中国三人篮球职业联赛应运而生（超三联赛）。本文主要分析中国男子三人篮球超级联赛的成立对于我国三人篮球运动在竞赛体系、提高三人篮球竞技水平、提供后备人才、三人制篮球裁判发展、三人制篮球配套措施以及在国内进一步推广三人篮球运动产生的积极影响。
G8,辽宁职业篮球发展的模式突破与路径创新研究 职业篮球/辽宁体育/模式突破/发展创新 在分析我国职业篮球基本运营模式和现实困境的基础上，从青训人才与院校人才结合、体制培养与市场流动结合、专业训练与社会影响结合三个角度分析辽宁职业篮球“院校—市场—社会”三位一体模式的优势。在此基础上，提出辽宁职业篮球未来发展的创新路径：辽篮精神与文体强省的融合形成文化建设的体育符号，职业体育与一带一路的融合迈向对外开放的体育前沿，体育产业与振兴发展的融合构建产业转型的体育载体。
G8,网络健身直播对居民健身消费意愿的影响研究 网络健身直播/居民健身/消费意愿 随着我国经济的不断发展，人们对生活品质的要求越来越高，也让人们意识到了健身的重要性。特别是随着数字经济的发展，借助互联网、电子商务以及直播平台，网络健身直播迅速发展起来。有鉴于此，本文采用实证研究方法，分析网络健身直播对居民健身消费意愿的影响。研究结果表明：网络健身直播的互动效应、促销效应、主播的受欢迎程度、售后服务、产品物质均正向影响居民健身消费意愿。
G8,辽宁冰雪文化旅游的困境及发展策略研究 辽宁/冰雪文化旅游/体育文化/困境 采用文献资料法，探讨辽宁冰雪文化旅游的现实困境及发展策略。结果表明：辽宁冰雪文化旅游发展的困境主要体现在冰雪文化旅游区域布局与发展水平不均衡，冰雪旅游产业整体规划与布局不完善，冰雪文化旅游品牌效应较弱等方面。针对这些困境提出发展策略：打造辽宁暖冬冰雪文化旅游品牌，开发辽宁全域冰雪文化旅游精品路线、利用网红效应营造冰雪文化传播环境，积极开展冰雪民俗活动，利用数字化技术打造沉浸式冰雪体验。
G8,“一带一路”倡议下武术在白俄罗斯的传播历程与动力研究 武术/白俄罗斯/“一带一路”/传播 文章研究在“一带一路”倡议下武术在白俄罗斯的传播历程及其传播动力。首先，文章探讨白俄罗斯武术的起源和发展，特别是白俄罗斯武术联合会在推广武术方面的作用和影响。其次，着重分析了孔子学院在中白两国文化交流中的作用，特别是在推广武术方面的独特贡献。文章通过走访调查，揭示了白俄罗斯民众对武术的浓厚兴趣和参与度。武术在全球和白俄罗斯的文化传播特点，涵盖了武术的全球传播路径、武术典籍的翻译及其学术研究对理论发展和实践应用的影响。特别指出，武术在白俄罗斯受到欢迎，在“一带一路”倡议下推动文化交流。武术在深化中白两国文化交流甚或促进“一带一路”合作中发挥了重要作用，不仅加深了两国人民的相互理解和友谊，还为国际文化交流提供了宝贵经验，为推动中华优秀传统文化及其在全球范围的传播提供理论和实践参考，对于深化国际文化合作与交流具有重要意义。
G8,不同运动项目对孤独症谱系障碍儿童干预效果的探讨 运动项目/孤独症谱系障碍/儿童/干预效果 孤独症谱系障碍作为一种神经发育障碍疾病，其严重威胁到儿童的日常生活和身心健康，是每个家庭的沉重负担。目前，孤独症谱系障碍儿童发病率也呈上升趋势，其具体发病机制尚未完全清楚，有许多以运动干预为手段的治疗方法，其对孤独症谱系障碍儿童有效，但是仍存在运动方案不完整。本文针对不同运动项目对孤独症谱系障碍儿童的干预效果进行综述，以期为孤独症儿童的运动干预提供指导和借鉴。
G8,数字技术驱动乡村“体文旅”深度融合发展研究 数字技术/乡村/体文旅/深度融合 随着数字技术应用领域的不断拓展，数字技术驱动乡村“体文旅”深度融合发展已成为全面推进乡村振兴、构建现代化产业体系的重要推动力。立足于产业融合理论和利益相关者理论，通过数字技术驱动乡村“体文旅”深度融合发展新视角，重塑现有乡村“体文旅”融合模式的发展机制，并审视当前数字技术驱动乡村“体文旅”深度融合发展的困境阻滞，发现顶层政策指导性不突出、基层信息推行力度不到位，乡村数字设施建设薄弱、财政经费衔接利用不明晰，乡村融合特色不显著、游客“体文旅”消费需求薄弱，数字技术复合人才匮乏、融合场景满意度受局限等问题。提出打造政策制定施行双向大数据通道、利用数字技术精准调控，强化乡村数字基础设施建设、推动数字化“体文旅”深度融合发展，促进产业合作与创新、打造数字化“体文旅”深度融合产业链，加强人才培养与引进，提升乡村“体文旅”产业的专业化水平，以期为乡村“体文旅”深度融合发展提供参考。
G8,“体医”融合背景下商洛市普通高校健康教育融入体育教学的现状 体医融合/健康教育/体育教学/实施路径 健康教育与体育教学密切联系且融会贯通能发挥两者各自的特点，增强学生体质的同时满足学生对健康教育的需求，进而潜移默化地培养学生体育锻炼习惯、健康行为以及文明生活方式。本研究通过实证调查，梳理商洛市普通高校健康教育融入体育教学的现状，分析存在的主要问题和不足，为构建健康教育融入体育教学的实施路径提供依据。
G8,现代科技对体育训练方法的改革与影响 现代科技/体育训练/训练方法改革 现代科技对体育训练方法改革有非常重要的现实意义，是科技与体育结合的重要彰显。本文立足现代科技对体育训练方法改进现状以及影响分析，为进一步强化现代科技对体育训练方法的科学化应用发挥提出优化建议，旨在为实际工作发挥有效的促进作用。
G8,乡村体育赛事赋能乡村振兴的SWOT分析——以贵州“村超”“村BA”为例 乡村体育/体育赛事/乡村振兴/体育旅游 本文运用文献综述法、专家访谈法等研究方法，以贵州“村超”“村BA”为例，论证乡村体育赛事赋能乡村振兴的必要性，分析乡村体育赛事赋能乡村振兴的优势、劣势、机遇和挑战，对乡村体育赛事赋能乡村振兴的因素进行系统分析，建立SWOT矩阵模型，提出乡村体育赛事赋能乡村振兴的制定增长型(S-O)、实施弥补型(W-O)、拟定拓展型(S-T)和采取防御型(W-T)发展策略，从而推动乡村经济高质量发展，以期全面实现乡村振兴战略目标。
G8,多源流理论视域下我国青少年体育健康促进政策变迁的回顾、审思与展望 青少年/体育健康促进/学校体育/多源流理论 基于多源流理论对我国青少年体育健康促进政策变迁历程、动力机制进行研究，并展望政策未来发展提出优化路径。我国青少年体育健康促进政策历经站起来、富起来和强起来3个阶段发展分别呈现出统一化和制度化、规范化和法制化、多元化和立体化的特点。研究认为我国青少年体育健康促进政策变迁源于问题、政策和政治三条源流的交汇耦合。其中，政治源流占据主导地位，为政策变迁指明战略性方向；问题源流具有高度先导性，为政策变迁赋予合理性契机；政策源流起到重要辅助作用，为政策变迁提供合法性依据。未来，应坚持政治溪流的主导地位，优化青少年健康问题治理环境；强化政策原汤的辅助功能，形成与共同体的良性互动机制；紧扣问题源流的先导导向，持续关注健康问题与政策矛盾。
G8,传播符号学视阈下中国体育新闻娱乐化现象研究——以改革开放40年为研究中心 体育新闻/传播符号/娱乐化 传播符号作为体育新闻传播不可或缺的因素，历经数十年的发展，逐渐形成较为完整的体系。与此同时，伴随着体育事业的产业化、经济化发展，体育新闻娱乐化也逐渐发展成为体育新闻传播的一大主流趋势。文章运用文献资料法和逻辑分析法等研究方法，研究体育新闻中传播符号的演变，在此基础上分析体育新闻娱乐化现象的建构和发展历程，并对体育新闻娱乐化现象产生的问题进行分析。研究认为：体育新闻娱乐化存在降低媒体公信力、影响受众价值观、影响当事人利益等负面效应，针对出现的问题，结合传播符号发展趋势，提出打造具有中国特色的体育符号，提升传播受众及媒体素质，完善传播符号管控制度等一系列对策，为体育新闻的良性发展提供可行性建议。
G8,论线上体育教学发展的困境、对策及建议——以兰州工商学院为例 线上体育教学/主动学习/高校体育 线上体育课程已成为高校教育的重要组成部分，为课程提供了有益的补充。论文采用文献资料法、走访法、问卷调查法等方式，以兰州工商学院为例，深入研究了线上体育教学中存在的问题。调查显示，在线上课堂教学流程中存在着课堂教学不佳、课堂秩序难以控制、技术动作质量反馈不及时等问题。研究表明，解决这些问题的主要手段包括培养学习者的主动学习能力、建立合理的线上考核系统、改变传统教学模式以及灵活设置专业课程。
C8,对住户调查中开户和换户工作的思考 住户调查 开户与换户是住户调查工作中极为重要的一环。近年来，随着人们的隐私保护等防护意识越来越强，调查户的配合度有下降趋势，说服和挽留难度增加，换户率趋升。这不仅增加了调查工作的难度，而且使抽中样本的代表性受到一定程度的损害。为此，国家统计局江苏调查总队对2022年样本轮换中的所有被替换户的特征、原因、变异程度进行了详尽的梳理与分析，以期为住户调查制度的改革提供有益的借鉴。
C8,智慧统计的国际实践与创新 实践与创新 促成统计系统与时俱进地优化发展是统计工作者孜孜以求的奋斗目标，信息化的飞速发展及其对社会经济诸多领域的广泛渗透为统计系统升级为智慧统计系统提供了坚实的信息资源基础和发展走向指引，智慧统计系统的建立又为确保统计工作的独立性提供了科学保障。梳理智慧统计系统的国际实践与创新，厘清国际智慧统计系统发展的新进展与新理念，对于提高我国统计工作质量和效率，高起点建立起适合我国国情的智慧统计系统具有重要的现实意义。
C8,改进统计方法  提升统计工作质量 统计指标/统计方法/统计工作质量/事业单位 随着经济社会的不断发展，统计工作在事业单位中的应用越来越受到人们的重视。良好的统计工作能够提高单位工作的效率，高效的统计工作是事业单位稳步提高的重要手段。良好的统计工作是对事业单位运营情况的客观反映，科学高效的统计工作对于事业单位的工作来说十分重要，要不断改进统计方法，摒弃落后的工作方式，学习先进科学的统计方法。本文就改进统计方法进行论述，解析目前单位统计方法存在的问题并提出有效策略，进而提高事业单位工作质量。
C8,浙江统计调查基层基础业务工作数字化管理研究 统计调查/基层基础业务/数字化管理 近年来，浙江国家调查队系统以数字化平台建设为抓手，积极推进统计调查基层基础数字化管理创新工作。本文对浙江目前的统计调查基层基础工作数字化管理工作现状、存在的问题等进行深入研究，提出制定《浙江调查员管理平台管理办法》加强刚性管理以提升平台使用实效，统筹谋划一体化建设全省统计调查基层基础业务数字化管理平台以进一步夯实基层基础工作。
C8,"爱,翻越千山万水而来——安徽省统计局援藏干部点亮千名藏乡孩子“微心愿” 援藏干部/统计局/安徽省 2022年1月21日，全国统计调查系统援藏干部圆满完成援藏工作任务。即将离藏之际，西藏那曲市安多县扎仁镇加傲小学校长贡觉旺堆冒着零下20多摄氏度的风雪天气，驱车5个多小时、行程400多公里赶到拉萨，为安徽省统计局援藏干部孔小藤送行。见到孔小藤，贡觉旺堆代表全校师生和学生家长向他献上了珍贵的洁白哈达。"
C8,统计部门的最大政绩在数据质量 数据质量 学习贯彻习近平新时代中国特色社会主义思想主题教育开展以来，通过深入学习习近平总书记关于树立和践行正确政绩观重要论述，认真学习康义局长《牢固树立和践行正确政绩观以高质量统计数据服务中国式现代化》重要文章，对树立和践行正确政绩观的丰富内涵和实践要求，有了更深刻的理解和把握。就统计部门而言，数据质量是统计的生命，是最大的政绩。
C8,新一代信息技术在统计工作中的应用研究 信息技术/CPI数据采集/能源在线监测 新一代信息技术的迅猛发展，使统计工作面临新的机遇与挑战。利用网络技术实现统计工作中的大型普査及专项抽查的数据报送及反馈。工业企业使用一套表联网直报系统可联网直报有关统计数据。CPI系统实现了基础数据的网络化、智能化快速采集。能源在线监测系统，可准确掌握企业生产、消耗流程信息。全国经济、人口农业普查移动采集终端管理信息系统等的应用，提高大型普查数据采集、处理能力及数据精准性。
C8,追踪调查中的样本更新问题研究——部分国际追踪调查的实践经验总结及思考 追踪调查/更新样本/样本整合/新生总体 社会科学研究中，经常需要对样本成员进行长期甚至终身追访，以揭示现象的变化和发展规律、有效识别现象间的因果关系，同时估计截面总体特征也是关注的重点。追踪调查数据在研究变量变化规律、识别变量间因果关系等方面具有显著优势，在社会科学研究中得到广泛应用。然而，随着追访轮次的增加，受无回答和样本成员死亡的影响，追踪样本会出现样本损耗、低年龄组代表性不足等问题。此外，由于移民和新生总体的加入，截面总体不断变化。因此，利用追踪样本估计截面总体会面临潜在的偏差，包括无回答偏差和涵盖偏差。为了减少这些偏差，国际上多数追踪调查项目均定期或不定期从总体或子总体中抽取更新样本，并将其和追踪样本整合起来，以估计截面总体特征，即对追踪样本进行样本更新。尽管我国追踪调查项目取得一定发展，但国内却鲜有文献对此问题进行讨论。本文通过梳理部分国际知名追踪调查的抽样设计方案和技术文档，对样本更新的总体范围、更新频率、更新样本的抽取方法、追踪样本和更新样本整合方法的实践经验进行归纳和总结，并指出潜在的问题及需要加强研究的方向，为我国追踪调查实践提供经验和理论上的支撑。
C8,加强基层统计数据质量管理路径探析 统计数据质量/管理路径 乡镇统计作为政府统计的重要组成部分，是统计工作的基础。乡镇统计工作开展得好坏与否，直接影响整体统计数据质量和国家经济社会政策的制定。山东省淄博市淄川区岭子镇人民政府统计办公室严把数据源头质量关，切实打好第五次全国经济普查（以下简称五经普）清查登记攻坚战，动员相关工作人员严格按照五经普清查阶段要求，查疑补漏，为统计数据填报打好基础，全面准确反映镇域经济运行情况。
C8,基于受访者驱动抽样的模型推断 受访者驱动抽样/社会网络/隐藏总体 受访者驱动抽样是一种用于研究隐藏总体的链接追踪抽样方法。文章将隐藏总体视为社会网络模型，假设总体就某一属性具有二水平值，提出了基于RDS关于总体比例的模型推断方法。统计模拟分析中提供了RDS的模拟抽样方法，数值分析表明模型推断方法具有稳健性。
C8,中国省级城乡发展差距统计测度与演进——基于HDI的研究视角 省级城乡发展差距/人类发展指数/统计测度/动态分解 不断缩小城乡发展差距，推进城乡融合发展，是中国实现共同富裕的必然选择。基于人类发展指数（HDI）分别编制2000—2020年中国各地区的城乡HDI，以此测度城乡发展差距，并从区域差异、收敛性、结构分解等方面对测度结果及其变动特征进行分析。研究发现：中国各地区的城乡差距均在逐步改善，城乡发展差距较大的省份主要集中在西部地区；各地区城乡发展差距指数随着时间变化呈现出明显的收敛特征，且差距越大的地区其差距缩小速度相对越快，存在一定的追赶效应；2010年以来，城乡教育差距是导致中国城乡发展差距最为重要的因素，城乡收入差距则是改善中国城乡发展差距最为重要的驱动因素。未来要更加重视加快缩小各地区的城乡教育差距，持续缩小城乡收入差距。
C8,统计范式之道法术器：和经济学帝国主义争夺管辖权 经济学帝国主义/管辖权 《人月神话》是编程大咖布鲁克斯（Brooks）的名著，自1975年问世后一版再版。他铁口直断，在软件工程领域，没有什么灵丹妙药，也就是不存在一发入魂、消灭狼人的“神器”。其实，各个领域都有类似的一厢情愿：找到我们领域的“银弹”。跟会计和国民经济核算有关的类似幻想来自传说中的经济学帝国主义。
C8,与《统计法》结伴前行的时光 统计法/《统计法》 2023年是《中华人民共和国统计法》（以下简称《统计法》）颁布的40周年，我与她虽未同生，但却肝胆相照。从“初闻不知曲中意”，到“再听已是曲中人”，不知不觉中已相伴15个春秋，改变的是青春岁月的流逝，黑发变青丝，不变的是对《统计法》的敬畏和坚守，既要刀刃向内，也要披荆斩棘。
C8,基于“三新”企业分层抽样单元权重动态调整的估计方法 “三新”企业/抽样单元/样本分布结构/复合估计 对“三新”企业进行抽样调查是及时掌握和监测“三新”经济发展的重要手段。考虑到这一类调查总体单元变动比较迅速，抽样框信息变动大，无法及时覆盖总体的最新特征，依此抽样框得到的样本数据结构与总体的分布结构差异较大，样本的代表性较低，会对总体数量特征的有效估计产生影响。因此，基于调查总体单元的变动特征，把抽样框中的单元划分为保留单元和转移单元，在此基础上，依据样本单位分层结构的变动，设计了基于“三新”企业分层抽样单元权重动态调整的估计方法。首先，通过事后分层方法挖掘出不同层的单位特征，并预测抽样框各层容量；其次，依据层规模的变动预测对目标变量估计量的权重进行修正；最后，通过自我加权设计构造出总体动态变动后数量特征的复合估计量，并对其进行优良性讨论。在对“三新”企业的模拟数据进行多次重复抽样实验中，相比于固定抽样框下的传统方法，基于分层抽样单元权重动态调整的估计方法具有更高的抽样效率，构造的关于总体数量特征的估计量具有无偏性和有效性。
C8,河南省幸福美好生活指数报告（2022） 幸福美好生活指数/改进的CRITIC法/关联特征/河南省 实现人民对幸福美好生活的向往是高质量推进中国式现代化建设河南实践的出发点和落脚点。运用改进的CRITIC法对2021年河南省幸福美好生活综合指数及维度指数进行测评，结果显示：河南省幸福美好生活指数整体偏低，全省均值只有0.504；在18个地市中，幸福美好生活指数最高是三门峡，其次是郑州，其余城市均低于0.6。“民生三感”指数、物质富裕指数最高的均是郑州，精神富足指数、公共服务指数、生态环境指数最高的分别是洛阳、济源、三门峡。维度指数由高到低依次是物质富裕指数、公共服务指数、“民生三感”指数、生态环境指数、精神富足指数，物质富裕指数处于核心地位；生态环境指数和精神富足指数较大变异是河南省幸福美好生活指数不均衡发展的主要成因。
C8,原平市：开展五经普单位清查  助力清廉原平建设 原平市 原平市统计局将五经普单位清查工作与清廉原平建设相结合，以强化业务培训、强化业务指导、强化随机核查，全力保障基层清查数据质量，以科学准确的清查数据助力清廉原平建设走深走实。强化业务培训，夯实普查基础。全面强化工作人员的纪律意识和责任意识，将统计法律法规纳入必讲课题，先后召开建筑物及小区划分业务培训3期次、清查业务培训8期次，通过高质量培训帮助基层人员熟悉清查要求、熟练掌握清查操作技能，筑牢经济普查人员的廉洁意识，为提高清查数据质量、依法依规开展清查工作提供了保障。
C8,积极应对辽宁人口变动——基于辽宁“七普”数据 人口变动 人口是经济社会发展不可或缺的重要因素，是经济增长的源动力。“十四五”时期是加快推进辽宁全面振兴、全方位振兴的关键时期。深入研究辽宁人口结构，解读辽宁人口问题，可为辽宁经济社会发展规划与政策制定提供有力支撑。
C8,主动谋题  精准破题  高效答题  练好调查研究基本功 破题/精准/答题 我们党历来高度重视调查研究，把调查研究作为认识世界和改造世界的重要手段。习近平总书记指出：“调查研究是谋事之基、成事之道，没有调查就没有发言权，没有调查就没有决策权。调查研究是我们做好工作的基本功”。调查研究是统计干部的看家本领，是必修课。要提升调查研究水平，就要在组织谋划时用好选题“金钥匙”，
C8,充分发挥统计监督职能作用  为内蒙古高质量发展提供坚实统计保障 高质量发展/内蒙古 10月，国务院印发《关于推动内蒙古高质量发展奋力书写中国式现代化新篇章的意见》（以下简称《意见》），围绕推动内蒙古高质量发展这个首要任务，提出了五个战略定位、两个阶段目标、七项重点任务和若干保障措施，是推动内蒙古实现赶超发展的又一次重大机遇，在内蒙古发展史上具有里程碑意义。内蒙古自治区统计局坚决扛起政治责任，立足统计职能职责，以提高统计数据质量为根本，以增强统计服务能力为目标，以提升统计监督效能为保障，以夯实统计基层基础为支撑，不遗余力推动国务院《意见》在统计领域落地见效，为全面落实习近平总书记和党中央赋予内蒙古的重要战略定位和重大使命任务提供更加坚实统计保障。
C8,加强基层调查队安全保密管理工作的思考 安全保密 党的二十大报告指出，国家安全是民族复兴的根基，社会稳定是国家强盛的前提，必须坚定不移贯彻总体国家安全观，把维护国家安全贯穿党和国家工作各方面全过程。数据安全是国家安全的重要领域，统计部门掌握着大量关系国计民生的重要综合性数据，基层调查队掌握或传输大量的基础数据。目前基层调查队在安全保密管理方面还面临一些突出问题，存在亟待加强的薄弱环节。笔者结合近年工作实际和基层锻炼的经验，就如何加强基层调查队安全保密工作谈四点思考。
C8,“统计软件”课程思政的学生满意度研究 统计软件/课程思政/满意度 课程思政是实现为党育人、为国育才的重要保证。为了掌握“统计软件”课程思政的实施效果，本文设计了“统计软件”课程思政学生满意度的调查问卷并收集数据资料，进行了课程思政满意度描述分析，重点进行了不同背景大学生的满意度差异性分析，得出了“统计软件”课堂教学中课程思政具有不同维度、不同背景大学生课程思政的实施效果有一定差异等结论。
C8,大数据背景下事业单位统计工作的问题与对策 大数据/事业单位/统计工作/问题对策 统计工作是促进事业单位发展的一个重要方面。统计信息的准确、及时、合理是统计工作的基础，是各级领导决策的先决条件。大数据技术的飞速发展，极大地促进了统计工作的进展，使统计工作更加专业化、科学化。但是新兴的技术和传统的工作机制之间存在矛盾。本文分析了大数据时代下事业单位统计工作所面临的机遇，并根据当前形势和现实问题，提出了相应的解决办法，以供参考。
C8,乡村振兴战略下开展乡镇统计工作的有效方法 乡村振兴战略/乡镇统计工作/开展思路/有效方法 乡村振兴战略是我国经济发展的重要方向，更是我国全面建成社会主义现代化强国的重要目标。因此，在乡村振兴战略导向下的乡镇统计工作，不仅能够进一步促进我国经济长远发展，同时也能够充分体现出中国特色现代化社会治理体系与治理能力。基于此，文章结合乡镇战略发展规划与发展政策，从多维度分析乡村振兴战略下的乡镇统计工作开展思想及有效方法，从而促进我国乡镇统计工作的良好发展。
C8,全面推进残障统计科学高质量发展——第八届残疾人数据科学研讨会暨2023中国统计学会残障统计分会年会、2023残疾人事业发展研究会残疾人口与统计专业委员会年会会议综述 中国统计学会/残疾人口/研讨会/数据科学 党的二十大对残疾人事业的服务水平与治理能力提出了更高要求。随着科学技术的不断发展进步及大数据时代的迅速到来，发挥残障数据最大化价值，促进残障统计科学的高质量发展，成为支撑残疾人事业现代化的重要基础和关键领域。2023年12月2日，第八届残疾人数据科学研讨会暨2023中国统计学会残障统计分会年会、2023残疾人事业发展研究会残疾人口与统计专业委员会年会于北京大学顺利召开~((1))，来自国家统计局、中国残疾人联合会及海内外20余所高校共150多位专家学者线下、线上参会。
C8,“穿越”旧时光  重温统计法治之路 nan 时光荏苒，岁月如梭。《中华人民共和国统计法》（以下简称《统计法》）自1983年颁布以来已历经40个春秋。40年来，统计法治体系不断完善，统计执法力度不断加大。今天，让我们一起穿越旧时光，重温统计法治路吧！新中国第一部统计法律1983年12月8日，第六届全国人民代表大会常务委员会第三次会议审议通过《中华人民共和国统计法》，标志着我国统计工作开始步入法治轨道。现行《统计法》经历1996年修正、2009年修订。2017年，与之配套的《中华人民共和国统计法实施条例》公布实施。
C8,盘点2023统计工作四大关键词 四大 整个国民经济保持稳中向好态势的2023年已经进入尾声，统计工作也在按部就班地向前推进。在即将迎来新的一年之际，我们盘点一下2023年统计工作的四大关键词。第一个关键词是主题教育。进入新时代以来，党中央先后组织开展了党的群众路线教育实践活动、“三严三实”专题教育、“两学一做”学习教育、“不忘初心、牢记使命”主题教育、党史学习教育，2023年又开展了习近平新时代中国特色社会主义思想主题教育，体现出党中央对全面从严治党、用党的创新理论统一全党思想意志行动的高度重视和坚定决心。
C8,社会福利的测度与比较——基于不平等厌恶系数的研究方法 社会福利水平/不平等厌恶系数/马太效应/“福利鸿沟” 基于不平等厌恶系数构建测度社会福利水平的新方法，利用2010—2020年五期CGSS数据测度优势不平等厌恶系数和劣势不平等厌恶系数，冗余分析结果显示测度方法有较好的效度。使用机器学习算法对区域和城乡福利水平特征进行探究，结果发现：虽然社会福利水平总体在提高，但是存在发展不平衡的情况；城镇居民福利水平相对于农村而言，存在更为严重的阶层固化效应，并且马太指数、马太系数呈现均值回归特征；东部地区与中西部地区存在“福利鸿沟”，两者的福利水平差异随时间推移逐步扩大。
C8,共同富裕背景下浙江省高质量发展水平测度 浙江省/高质量发展/RSR法/聚类分析 高质量发展是共同富裕的基石，实现共同富裕必须推动高质量发展。本文构建了一个涵盖经济、创新、协调、绿色、开放、共享六个系统层的高质量发展水平评价指标体系，基于RSR法对浙江省11个城市2022年高质量发展水平进行测度，结合系统聚类方法，得出结论：浙北城市的高质量发展水平整体高于浙南城市，其中杭州和宁波处于领先地位；各城市发展存在不均衡的问题，发展差异主要体现在经济、创新和绿色水平上。
C8,"用数据守住人心 nan 数据汇国计民生。经济形势越复杂,统计数据关注度就越高,出现争议质疑也屡见不鲜。回顾2023年,就有这么三个数据事件引起了社会上比较广泛的争议讨论。一是失业人口标准。去年6月15日,国家统计局在新闻发布会上解释了我国的就业统计标准,一周工作一个小时及以上都算就业,不算失业。虽然符合国际标准,但也在网络上引发关注、传播和争议。"
C8,全国各地掀起《统计法》和五经普宣传热潮 统计法/《统计法》 2023年12月8日前后，全国统计调查系统掀起了《中华人民共和国统计法》颁布40周年纪念和第五次全国经济普查宣传月启动宣传热潮。
C8,“小院”聚智助力乡村振兴 乡村振兴 2023年五四青年节前，习近平总书记给中国农业大学“科技小院”学生回信，寄语同学们厚植爱农情怀，练就兴农本领，在乡村振兴的大舞台上建功立业，为加快推进农业农村现代化、全面建设社会主义现代化国家贡献青春力量。为深入贯彻落实习近平总书记的回信精神，促进“科技小院”高质量发展，国家统计局北京调查总队抽选了北京市18家“科技小院”，对“科技小院”及其服务对象、当地村干部开展问卷调研和深度访谈，
C8,识别时间序列中的时期与时点概念 统计数据处理/时期指标/时点指标/可加性 数据化时代背景下，统计数据处理能力已成为数据分析者定量分析问题的“刚需”。鉴于此，为帮助数据分析者深入理解时间序列中时期指标和时点指标的基本概念，辨别两指标之间的差异，以及解决相关数据处理中的难题，同时也为促进时间序列数据处理中统计知识的运用，文章对时期指标和时点指标在定义上的区别，以及在处理方法上的差异进行深入剖析，并结合实例给予直观说明，以期进一步规范时期和时点指标在统计数据处理中的正确运用。
C8,浙江统计大脑建设路径探索与思考 统计大脑/政府统计/数字化 为破解数字化时代政府统计面临的数据共享需求多、多跨协同要求高、智能化能力提升等难题，浙江省统计局运用大数据、人工智能、云计算等技术，探索开展统计大脑建设。统计大脑以“一池一库一箱一舱一中心”架构，形成“算力+数据+算法+模型+智能模块”多维基础底座，为实现统计生产智能规范、统计服务智慧精准、统计监督智效有力提供支撑，推动统计工作体系重构、统计业务流程再造、统计制度方法创新、统计体制机制重塑等变革。本文基于实践成果，总结统计大脑建设的路径、成效及困难，为进一步迭代完善统计大脑功能及类似的大脑建设提供参考。
C8,大数据背景下“以赛促学、以赛促教”在统计学教学中的应用研究 以赛促学/以赛促教/统计学/教学改革 统计学作为高校大部分专业的学生必学的课程，对学生的成长起着重要作用，然而，“以赛促学、以赛促教”在统计学教学中存在教学方式单一、统计学课程定位模糊，未体现竞赛理念、教学内容与比赛内容相脱离、统计学课程资源与社会需求脱节等问题，不利于提高学生的专业和实践能力，难以协调教学与比赛的关系，因此，有效协调教学和比赛的关系，将“以赛促学、以赛促教”教学模式引入到统计学教学的全过程，从比赛理念贯穿统计学课程教学全过程、统计学教学方式融入比赛的全过程、成立数理统计协会三个方面提出统计学课程改革的实现路径。
C8,杭州亚运会的“国调”力量——国家统计局浙江调查总队服务杭州亚运会小记 杭州亚运会/统计局 金秋十月，丹桂飘香。举世瞩目的杭州第19届亚运会和杭州第4届亚残运会圆满落幕，向世界呈现了一届“中国特色、亚洲风采、精彩纷呈”的体育盛会。在这场体育盛会中，国家统计局浙江调查总队（以下简称浙江调查总队）深入学习贯彻习近平总书记关于办好杭州亚运会的重要指示精神，锚定“办好一个会、提升一座城”目标，坚守自身职责定位，聚焦主责主业，强化责任担当，提供高质量服务保障，充分展现了浙江调查队系统的“国调”担当，贡献了一份“国调”力量。
C8,资产的重估价 nan 按照国民经济核算原则，资产负债核算中的各类资产按核算期市场价格进行核算，也就是说，资产负债表中的各项资产都要采用编制资产负债表时点的价格，而不是原来购置时的价格进行核算，这就是资产的重估价。
C8,"推进依法统计依法治统  以高质量统计服务高质量发展 统计服务/依法统计/高质量发展 1983年12月8日,全国人大常委会审议通过《中华人民共和国统计法》(以下简称《统计法》),它是我国第一部比较完备的国家统计法,标志着我国统计工作开始走上法治轨道。40年来,伴随着统计改革和现代化建设的步伐,和着依法治国、依法行政时代主旋律,统计法治建设从起步到发展到成熟,实现了巨大跨越,取得了丰硕成果。"
C8,新就业形态统计监测方法研究——以北京市为例 新就业形态/北京市/监测方法 新就业形态是近年来我国劳动力市场中出现的新趋势，随着以平台经济为特点的新产业、新业态、新模式快速成长，新就业岗位大量涌现。北京聚集了类别多样的新就业形态从业者群体，但由于其出现时间较短，且就业模式、人员组成复杂，目前对其规模及结构特征尚缺乏较为全面和系统的统计监测。
C8,美丽的身影 nan 前些天，县调查队老赵通过微信和我私聊。大致意思是，自己即将退休，近年由他负责、跟我对口的专题调研等工作，已由队里的年轻同事接手，并客气地向我表示感谢。我知道，这是老赵在离开岗位之际，特地通过微信同我道别。其实，要说感谢，在我心底，真正应该感谢的是他啊。随即，我在微信里回复老赵：最该感谢的人是你！感谢一直以来在工作上的支持和帮助，特别是在专题调研方面，你付出了艰辛，做出了贡献，积累了经验。希望把这些优良作风和宝贵经验，传授给新接手的年轻同事，在事业进步中不断发扬光大。祝贺光荣退休，开启全新生活！多保重，常联系。
C8,新文科背景下统计学研究性教学实践——基于新型建构主义理论 新文科/建构主义/研究性/混合式 本研究顺应新文科建设的要求，以培养创新性人才为目标，针对传统教学中重教轻学、忽视学生自主探究能力培养的问题，探讨了基于新型建构主义理论开展统计学研究性教学的方法：坚持教师主导、学生为主体的教育思想，从教师科研项目中提炼案例，在精讲模块知识后创设研究情境，引导学生结合案例发现、分析并解决问题，并结合细致、规范的评价，促进学生发散思维、批判思维和创新思维的养成。
C8,声音 nan “做到：诚实守信，不逾越底线；以义取利，不唯利是图；稳健审慎，不急功近利；守正创新，不脱实向虚；依法合规，不胡作非为。”——在省部级主要领导干部推动金融高质量发展专题研讨班开班式上，习近平总书记首次提出“积极培育中国特色金融文化”时强调
C8,聚焦聚力“四学”确保第二批主题教育取得实效 主题教育 遵照党中央统一部署，根据国家统计局总体安排，天津调查队系统第二批主题教育紧紧围绕“学思想、强党性、重实践、建新功”的总要求，着力把“以学铸魂、以学增智、以学正风、以学促干”引向深入，切实将习近平新时代中国特色社会主义思想转化为坚定理想、锤炼党性和指导实践、推动天津国家调查高质量发展的强大力量。
C8,《统计法》在我心中 统计法/《统计法》 作为一名基层统计人员，在我心中，《统计法》是至高无上的。不仅仅是因为我是一名统计人员，更重要的是因为我与《统计法》有着特殊的感情，它正在一点一滴地影响着我的生活和工作。我深知《统计法》在我工作中的实用性和重要性，是统计工作的法律基础，指导我的工作。在我心中，它不仅是一份法律文件，更是一本智慧的宝典，为我提供强有力的支持和指引。今年正好是《统计法》颁布实施40周年，《统计法》的颁布开创了我国统计工作有法可依的新局面，让统计工作开始走上法治的轨道。
C8,应用型本科高校统计学专业建设与探讨 统计学/大数据/专业建设/人才培养 大数据背景下统计学人才培养面临着新的机遇和挑战，统计学专业人才培养改革势在必行。本文结合统计学本科专业建设的实践，基于大数据时代统计学专业人才的需求，从人才培养方案修订、课程体系和教学内容调整、专业课程思政教育和创新创业实践教学改革等方面探索适合应用型本科高校统计学专业的人才培养模式，以更好地培养适应新时代要求的应用型高级统计学专门人才。
C8,社会治理能力现代化测度设计与区域特征分析——基于陕西省社会治理进展的评价与分析 社会治理/治理能力现代化/测度框架/方法与工具 社会治理能力现代化是国家治理能力现代化的重要组成部分，促进社会治理能力现代化是解决各种社会问题、实现区域国家治理现代化的必然要求。通过梳理相关理论文献，构建社会治理能力现代化的统计测度理论基础，形成社会协同参与能力、法制保障执行能力、资源合理配置能力、社会服务提升能力和科技创新支撑能力5个观测维度，以及12个测度子维度，形成社会治理能力现代化测度的理论框架。依此构建陕西省社会治理能力现代化测度指标体系，以及设计基于Critic法和熵权法的TOPSIS(逼近理想解排序)模型的区域社会治理能力现代化发展指数和区域差异性测度工具。对陕西省社会治理能力现代化水平进行测量和区域特征分析。结果表明：陕西省社会治理能力现代化水平逐年提高，资源合理配置能力最为重要，其次是社会服务提升能力；陕西省各地区区域间社会治理能力呈现“中间高、两端低”的特点。最后针对陕西省社会治理能力现代化态势提出相关建议。
C8,让普法更接地气更有特色——广西调查总队积极探索统计普法新路径 新路径/接地气 2023年以来，国家统计局广西调查总队（以下简称广西调查总队）持续强化统计法治学习宣传，积极探索符合当地实际的亲民化、特色化普法路径，创新学法形式，狠抓特色普法，提升宣传效果，让统计法治理念更深入人心，进一步夯实依法统计思想根基，扎实推进依法统计依法治统。
C8,"民国时期乡村建设中的统计绘图 民国时期/乡村建设/统计绘图 利用晚清民国期刊全文数据库,通过浏览和阅读民国时期经济类期刊的学术论文和调查报告,发现在农村经济研究与乡村建设实践中运用了大量的统计图表,特别是各种绘图构思巧妙,美观大方。柱形图、饼图种类繁多,功能丰富。精美的手工绘图,反映了早期乡建人士聪明才智和绘图技巧。"
C8,新文科背景下SPSS统计课的“343”教学模式探究 新文科/SPSS统计课/教学模式/科学素养 新文科提倡文理融合，培养文科生的科学素养。SPSS(Statistical Package for the Social Sciences，社会科学统计软件包)统计课的教学内容具有高度的综合性，是培养文科生科学素养的良好载体。文章采用顶层设计思路，以教学的情感理论与认知理论为基础，遵循新文科理念构建了“343”教学模式（包含情知、案例与练习3个模块）。情知模块包含知行合一、认知结构与教学幽默3种策略，有效解决了文科教学中的认知与情感2大矛盾。案例模块新增了还原研究过程与统计原理的通俗解读2个环节，实现了文理知识的融合，培养了文科生的科学素养。练习模块包含自主探究、小组合作与课后练习，巩固了学习效果。“343”教学模式综合考虑了文科SPSS统计课教学的诸多元素，与新文科理念高度契合，值得在需要学习SPSS软件的文科专业中推广。
C8,以习近平法治思想为指引  奋力开创统计法治建设新局面 习近平法治思想/法治建设 1983年12月8日，第六届全国人民代表大会常务委员会第三次会议审议通过《中华人民共和国统计法》，标志着我国统计工作开始步入法治轨道。40年来，特别是党的十八大以来，在党中央坚强领导下，统计部门深入贯彻落实习近平总书记关于统计工作重要讲话指示批示精神和党中央关于统计改革发展决策部署，纵深推进依法统计依法治统，统计法治建设取得显著成效。
C8,物流专业“专创融合”特色示范课程建设——以《统计学》为例 专创融合/数字化课堂/课赛结合 在全面深化改革的教育背景下，创新创业教育与专业教育的融合已成为适应知识经济时代发展的必然要求。物流专业应从理论到实践进行多维度深入挖掘，通过创新课程设计、改革教学模式，切实将创新创业教育融入专业教育。首先，文章分析了物流专业课程开展“专创融合”建设的必要性；其次，从提升学生的学习效果出发，基于SC理念，以物流专业重要课程《统计学》为例，阐述了如何进行“专创融合”，以教学设计与方法改革为主线，通过立体化的数字课堂建设更新教学资源，融入产业元素，以课赛结合的方式培养学生的创新创业能力，通过建立多元化的评价体系进行学习效果评价，通过多轮学习数据分析来持续改进。
P1,真空系统在模拟火星表面低气压环境的应用 火星/表面环境模拟/低气压环境/真空 火星一直被认为是太阳系中除地球外生命最有可能繁盛过并生存至今的地方，故而对其表面环境的模拟，对火星探索起着重要的作用。本文依托于XX大学空间模拟装置火星尘舱系统项目的需求，设计了一套火星表面低气压环境模拟系统，采用真空泵组降低火星尘舱内的气压，采用气动调节型阀门进行高精度动态压力调节，维持舱内压力稳定，详细介绍了系统设计技术参数、组成、工况及抽速计算流程。
P1,"月幔底部黏弹性结构研究现状 月球/固体潮/潮汐勒夫数/黏弹性模型 长期以来,月球幔层底部是否存在一个部分熔融的S波衰减层一直存在着争议.针对这一争议,本文首先回顾了国内外对月幔底部黏弹性结构的研究成果,梳理总结了争议的提出和发展历程,接着分析这一争议产生的主要原因.本文认为,虽然越来越多的研究支持月幔底部存在一个部分熔融的低黏性、低S波波速的转换层,但目前仍缺乏决定性的证据作为支撑.因此,本文进一步讨论了现有研究存在的不足,对未来研究方向进行了展望."
P1,"祝融号火星表面磁场探测仪的沿轨标定 祝融号/火星表面磁场探测仪/沿轨标定/岩石剩磁 作为中国首次火星探测计划“天问一号”任务的一部分,祝融号火星车于2021年5月15日成功着陆火星表面,并开始在乌托邦平原南部进行科学探测.祝融号火星表面磁场探测仪(RoMAG)是火星车上六个有效载荷之一,它由两个相同的高灵敏度三轴磁通门磁强计组成,随火星车在火星表面进行移动磁测量.尽管在发射前已经进行了火星车磁补偿以消除磁干扰,但由于有效载荷和太阳能电池板等在发射前后的状态不同,需要对磁强计进行沿轨校准,以获得更精确的火星磁场.本文分别利用桅杆偏航旋转和火星车偏航旋转两种方法确定火星水平磁分量.结果表明,两种方法测得的火星水平磁场分量具有较好的一致性,均方根偏差小于2.0nT.火星背景磁场垂直分量则可根据干扰场呈现偶极场分布的假设来约束.磁场测量值与太阳能帆板电流之间的线性相关关系可用于常规探测中的磁场校准,可以得到更精确的火星表面背景磁场."
P1,"核物质对称能理论参数的贝叶斯统计推断 核物质对称能/贝叶斯统计方法/中子星观测数据/中子皮厚度 本文采用了中子星模型与贝叶斯统计方法相结合的理论框架,基于目前发布的中子星质量、半径和潮汐形变的观测数据推断了描述核物质对称能的参数的不确定范围.我们发现,现有的中子星潮汐形变观测数据无法改善人们对核物质对称能的认识.基于最近联合重离子碰撞和天体观测得到的中子星物质状态方程,得到的结果与之前基于中子星观测数据得到的结果基本一致.另外,基于假想的中子星最大质量数据,我们发现其对核物质对称能参数不敏感.相比之下, CREX和PREX-II合作组发布的中子皮厚度的实验数据对核物质对称能参数的约束更加有效.采用核液滴模型与贝叶斯统计方法相结合的理论框架,发现使用~(208)Pb和~(48)Ca的中子皮厚度数据得到的核物质对称能参数的不确定范围存在很大的差异,两者几乎没有交集.鉴于实验测量误差的不同, ~(48)Ca中子皮厚度数据对核物质对称能参数的限制要比~(208)Pb数据更加严格.中子皮厚度数据得到的参数区间与中子星观测数据得到的区间有较大差异,中子皮厚度数据更加支持对称能较软的情况,而中子星观测数据则更倾向于对称能较硬的情况.最后,我们还研究了在基于中子星观测数据约束核物质对称能参数时参数的先验分布效应.计算结果显示曲率参数K_(sym)不依赖于其先验分布,斜率参数L轻微依赖其先验分布,而偏度参数J_(sym)严重依赖其先验分布."
P1,“北京时间”从这里发出 nan 中国科学院国家授时中心前身是中国科学院陕西天文台，成立于1966年，是我国唯一的专门、全面从事时间频率基础研究和应用研究的科研机构，承担着我国国家标准时间（“北京时间”）的产生、保持和发播任务，建设和运行着我国最早的重大科技基础设施——长短波授时系统，建成了国内唯一的天地一体星地综合卫星导航授时试验平台，为我国国家时间频率体系、卫星导航系统的建设和发展做出了重要贡献。
P1,"天文应用红外焦平面读出电路研究 红外天文观测/红外焦平面读出电路/低功耗/非破坏性读出 成功设计了一款天文应用的640×512短波红外焦平面读出电路。由于红外天文观测具有极低背景辐射、光子通量低的特点，为了实现探测器的高信噪比，需要降低器件的暗电流和电路噪声。电路采用有效的功耗管理策略，在保证电路正常工作的前提下尽可能地降低电路功耗以减小电路辉光对器件暗电流的影响。同时，研究非破坏性读出的数字功能，实现了超长的积分时间和信号的多帧累积,并作为一种斜坡采样的策略有效地降低读出噪声。短波HgCdTe焦平面的测试结果符合理论设计预期，开启电路非破坏性读出功能，设置6 000 s的积分时间，当电路功耗调低至14.04 mW时暗电流为0.9 e-·pixel~(-1)·s~(-1)。读出噪声在两档增益下分别为50 e-(10 fF)和27 e-(5 fF)，非线性度低于0.1%。"
