classes,docs
O1,民办本科院校课程教育的研究与分析 本文结合民办本科院校的办学特色与理念，结合理工科专业学生的需要，结合学生初等数学的基础，通过对民办本科院校高等数学课程教学内容、教学方式、课程考核方式3个方面进行深入研究与分析，提出了高等数学课程教育教学过程要突显教育性、思辨性、研究性、前沿性、实用性、应用性、丰富性，即“七性”教育教学方法，探讨了近两年来以青年教师代表的从教高等数学“七性”教育的教学效果，对推进民办本科院校高等数学的教学研究具有一定的积极作用，进一步提高了学生对高等数学课程学习的主动性和积极性。
O1,新文科背景下高等数学教学融入经济类专业建设的探索——以南通理工学院为例 高等数学作为一门重要的基础学科，在经济类专业中扮演着不可或缺的角色。本文基于新文科背景下将高等数学教学与经济类专业相结合，以提高学生的数学素养和解决实际经济问题的能力。通过分析经济类专业中高等数学的教学现状，提出相应的教学改革措施，为经济类专业的高等数学教学提供借鉴和指导。
O1,高等数学教学中课程思政的探索与思考——以定积分的概念为例 在大思政的背景下，各高校教师积极探索将思政元素融入高等数学课程教学中，如何将高等数学课程教学探索的结果和积累的经验稳落地、见实效，作出更加优化教学设计，既是课程思政建设的基本要求，也是高等数学教学内涵提升的必然选择。本文以定积分概念为例，挖掘定积分概念蕴含的思政元素，阐述教学设计思路，给出在教学过程中怎样具体实施课程思政。
O1,玻璃文物成分分析与鉴别的数学模型 针对2022年全国大学生数学建模竞赛C题“玻璃文物的成分分析与鉴别问题”中的4个问题分别进行建模分析，根据玻璃文物的化学成分含量、纹饰及颜色等数据，基于单因素方差分析，探究玻璃文物的表面风化与玻璃类型、纹饰及颜色的关系，建立ARIMA模型，预测风化前玻璃文物的化学成分含量；通过主成分分析提取玻璃文物的分类特征，结合聚类算法进行亚类划分；通过基于欧氏距离的聚类算法鉴别未知玻璃文物的类别，分析玻璃文物分类结果的敏感性；通过K-Means++聚类算法分析不同类别玻璃文物的关联关系，对不同类别玻璃文物关联关系的差异性进行判断，给出结论。
O1,基于复杂网络理论的机组精益化管控评价体系研究 为提高水力发电机组运行效率与可靠性，提出了一种基于复杂网络理论的机组精益化管控辅助支持系统。研究设计了由机组基本指标、运行摆度、运行振动值和运行温度构成的水力发电机组评价技术指标，并建立了基于复杂网络理论的机组评价方法。通过实例测试验证表明，该方法能较为准确地评价水力发电机组的运行状况，对实现水力发电机组的精益化管控具有重要意义，可为提高发电效率和降低运行成本提供理论支持和实践参考。
O1,精细积分方法的发展与扩展应用 钟万勰院士于1991年首先提出计算矩阵指数的精细积分方法，其要点是2~N类算法和增量存储。精细积分方法可给出矩阵指数在计算机意义上的精确解，为常微分方程的数值计算提供了高精度、高稳定性的算法，现已成功应用于结构动力响应、随机振动、热传导以及最优控制等众多领域。本文首先介绍矩阵指数精细积分方法的提出、基本思想和发展；然后依次介绍在时不变/时变线性微分方程、非线性微分方程以及大规模问题求解中发展起来的各种精细积分方法，分析了其优缺点和适用范围；最后介绍了精细积分方法的基本思想在两点边值问题、椭圆函数和病态代数方程等问题的扩展应用，进一步展示了该思想的特色。
O1,考虑自学行为的学校教育知识传播SIRI模型 学校教育是一种以语言为中心的知识传播过程，是校园传授知识的核心手段，对提高学生掌握知识能力具有重要意义．根据学校教育的特征及其传播方式，基于动力学理论，建立了具有自学行为的学校教育知识传播微分方程动力学SIRI模型，提出了影响学校教育知识传播的主要因素及促进学校教育知识传播教学效果的策略．数值仿真表明，该模型对参数的变化非常敏感，对控制和管理知识传播具有重要作用．
O1,基于互异指数的直觉模糊相似度构造 为了进一步提高直觉模糊相似度对事物的识别能力，从数据的结构和几何特点出发，对已有直觉模糊相似度进行分析，结合具有倾向性的直觉模糊相似度公式，构造出一种新的基于互异指数的直觉模糊相似度，并通过Wilcoxon秩和检验的方法确定参数范围．新构造的相似度公式不仅满足直觉模糊相似度的公理化定义，而且可以广泛应用于决策领域．
O1,关于素数个数的一个不等式的加强 对于任意■，记π(x)表示满足p≤x的素数p的个数．利用π(x)的确界不等式，对■的下确界作了进一步的加强，从而改进了Bencze不等式．
O1,乘型模糊判断矩阵排序向量的递推方法 文章首先在模糊判断矩阵乘型一致性以及矩阵元素和权重之间关系的基础上，结合模糊判断矩阵的上三角矩阵元素，构建了一个关于权重和矩阵上三角元素的方程组，并证明了该方程组存在唯一的正解。随后指出方程组的证明过程就是模糊判断矩阵排序向量的求解过程，从而给出了乘型一致性模糊判断矩阵排序向量的一种递推方法。然后，在偏差函数基础上，通过构造并求解一个优化模型，求出了非乘型一致性模糊判断矩阵的排序向量，结果显示，其解的形式与采用乘型一致性模糊判断矩阵递推方法得到的排序向量完全一样。最后，通过实例以及相关方法对比说明排序向量递推方法是可行有效的。
O1,"一类带有奇异项和临界增长的Schr?dinger-Possion次椭圆方程正解的存在性 本文研究了在Heisenberg群上具有奇异和临界增长的Schr?dinger-Possion系统,利用Brézis-Lieb和Brézis-Nirenberg引理,得到了正解的存在性和多重性."
O1,带辟谣机制的SICR网络谣言传播模型 针对谣言传播过程中知道谣言真相的人会对其谣言进行辟谣的现象，结合网络的均匀性结构特征，将种群分为未知者I、传播者S、辟谣者C和免疫者R，提出了一种新的带辟谣机制的SICR谣言传播模型。首先，通过平均场理论给出了SICR谣言在均匀网络结构下的传播动力学方程。其次，利用微分方程理论分析了模型的平衡点存在性，利用下一代矩阵法计算了模型的基本再生数，根据Routh-Hurwitz准则分析了模型在平衡点处的局部渐近稳定性，根据Lyapunov稳定性理论证明了模型在无谣言平衡点处的全局渐近稳定性。最后，通过仿真实验验证了理论结果的正确性。仿真实验表明，减少传播率、增加辟谣率与免疫率能有效抑制谣言传播，且辟谣机制对谣言传播具有重要影响。
O1,"A Note of the Interpolating Sequence in Q_p∩H~∞ In this paper,{z_n}_(n=1) ~∞ acts as an interpolating sequence for Q_p∩H~∞.An analytic function f is constructed,and f(z_n)=∑_jλ_jf_(z_j)(z_n)=λ_n,n=1,2,…for any {λ_n}∈l~∞,wheref and ■ belong to Q_p∩H~∞.As a result,the study achieves a comparable outcome for F(p,p-2,s)∩H~∞."
O1,"Meromorphic Functions Sharing Two Values Let f and g be two nonconstant meromorphic functions,and n be a positive integer.If f~n(z) and g~n(z) share 1 CM(counting multiplicities),f(z) and g(z) share ∞ IM(ignoring multiplicities),and ■then either f(z)≡tg(z) or f(z)g(z)≡t,where t~n=1.As an application,shared values problems of a meromorphic function related to its shifts and difference operators are also investigated."
O1,"Common Fixed Points for Multiplicative Contractions in Multiplicative Metric Spaces The study delves into multiplicative contractions, exploring the existence and uniqueness of common fixed points for a weakly compatible pair of mappings. Those mappings adhere to specific multiplicative contraction conditions characterized by exponents expressed as fraction multiplicative metric spaces. It is noted that a metric can induce a multiplicative metric, and conversely, a multiplicative metric can give a rise to a metric on a nonempty set. As an application, another proof of the existence and uniqueness of the solution of a multiplicative initial problem is given."
O1,"Three New Classes of Subsystem Codes In this paper, we construct three classes of Clifford subsystem maximum distance separable(MDS) codes based on Reed-Solomon codes and extended generalized Reed-Solomon codes over finite fields Fq for specific code lengths. Moreover, our Clifford subsystem MDS codes are new because their parameters differ from the previously known ones."
O1,"Optimal Asymmetric Quantum Codes from the Euclidean Sums of Linear Codes In this paper, we first give the definition of the Euclidean sums of linear codes, and prove that the Euclidean sums of linear codes are Euclidean dual-containing. Then we construct two new classes of optimal asymmetric quantum error-correcting codes based on Euclidean sums of the Reed-Solomon codes, and two new classes of optimal asymmetric quantum error-correcting codes based on Euclidean sums of linear codes generated by Vandermonde matrices over finite fields. Moreover, these optimal asymmetric quantum errorcorrecting codes constructed in this paper are different from the ones in the literature."
O1,高职数学教学中媒体融合的挑战与机遇 文章致力于探讨高职数学教学中媒体融合的应用策略，目的在于改革传统教学模式，适应当前数字化教育的趋势，提升教学质量与强化学生学习体验。通过理论研究和文献研究的方法，分析高职数学教学中媒体融合的机遇与挑战，并提出针对性的策略。文章首先提出高职数学教学中个性化和互动性学习的新动向、新机遇，强调教学内容与方法的创新必要性；其次指出实施媒体融合时面临的挑战，包括数字技术整合的难点、教学内容与技术适配性问题，以及教师专业发展的不足。针对这些挑战提出三大策略：一是整合技术支持，以实现数智化的媒体融合；二是增强教学内容与技术的适配性，强调教学方法的灵活性与创新性；三是增强教师对媒体融合的理解和应用能力。研究结果表明，通过有效实施这些策略，可以极大地增强高职数学教学的互动性和学生的学习兴趣。媒体融合不仅是技术的应用，还是教学理念和方法的一次重大变革，对于提高教学效果和学生的学习效率具有重要意义。文章旨在为高职数学教师提供实用的教学指导，为高职院校开展多媒体融合式的教学提供相应帮助，以期其在日益发展的数字化教育环境中更好地发展。
O1,"Set-Membership Filtering Approach to Dynamic Event-Triggered Fault Estimation for a Class of Nonlinear Time-Varying Complex Networks The present study addresses the problem of fault estimation for a specific class of nonlinear time-varying complex networks, utilizing an unknown-input-observer approach within the framework of dynamic event-triggered mechanism(DETM).In order to optimize communication resource utilization, the DETM is employed to determine whether the current measurement data should be transmitted to the estimator or not. To guarantee a satisfactory estimation performance for the fault signal,an unknown-input-observer-based estimator is constructed to decouple the estimation error dynamics from the influence of fault signals. The aim of this paper is to find the suitable estimator parameters under the effects of DETM such that both the state estimates and fault estimates are confined within two sets of closed ellipsoid domains. The techniques of recursive matrix inequality are applied to derive sufficient conditions for the existence of the desired estimator, ensuring that the specified performance requirements are met under certain conditions. Then, the estimator gains are derived by minimizing the ellipsoid domain in the sense of trace and a recursive estimator parameter design algorithm is then provided. Finally, a numerical example is conducted to demonstrate the effectiveness of the designed estimator."
O1,"Exponential Synchronization of Delayed Stochastic Complex Dynamical Networks via Hybrid Impulsive Control Dear Editor,This letter addresses the synchronization problem of a class of delayed stochastic complex dynamical networks consisting of multiple drive and response nodes. The aim is to achieve mean square exponential synchronization for the drive-response nodes despite the simultaneous presence of time delays and stochastic noises in node dynamics."
O4,"A high-performance multi-wavelength optical switch based on multiple Fano resonances in an all-dielectric metastructure The multi-wavelength optical switch based on an all-dielectric metastructure consisting of four asymmetric semi-circular rings was designed and analyzed in this paper. Four Fano resonance modes, which can be explained by bound states in the continuum(BIC) theory, are excited in our structure with a maximum Q-factor of about 2 450 and a modulation depth close to 100%. By changing the polarization direction of the incident light, the transmission amplitude of Fano resonances can get effectively modulated. Based on this tuning property, the metastructure can achieve a multi-wavelength optical switch in the near-infrared region(900—980 nm) and the maximum extinction ratio can reach 38.3 d B. In addition, the results indicate that the Fano resonances are sensitive to the changes in the refractive index. The sensitivity(S) and the figure of merit(FOM) are 197 nm/RIU and 492 RIU~(-1). The proposed metastructure has promising potential in applications such as optical switches, sensors, modulators and lasers."
O4,量子测量技术内涵与发展 量子时代以研究量子基本特性为重点，以应用量子基本特性为手段，实现量子通信、量子测量、量子计算等功能，这将对世界科技、经济、政治、社会治理等产生深远而重大的影响。该文通过分析量子测量技术发展过程、量子测量基本技术内涵、量子测量本质特征以及主要技术特点等，提出未来量子测试的发展趋势以及量子测量的重要应用场景，供社会各界参考。
O4,"面向高校师范专业认证的电磁学实验教学改革 师范专业认证的目的是推动师范类专业注重内涵建设,认证对电磁学实验教学提出了新要求。按照专业认证标准和专业办学定位,对照物理师范专业毕业生达成度要求,找出自身存在的问题与差距,并针对这些问题,进行了调整实验室布局、更新实验仪器、优化实验内容、创新教学模式、融入思政教育等系列改革,这些改革措施取得了积极成果,提升了实验教学质量。"
O4,最大有效功率时等温加热修正内可逆Diesel循环性能 基于有限时间热力学理论和已有文献建立的内可逆等温加热修正Diesel模型，以有效功率为目标函数，研究了循环性能特性。通过数值计算，分析了循环参数对循环有效功率的影响，比较了最大有效功率和最大功率条件下循环性能的差异。结果表明：有效功率与压缩比的关系曲线呈类抛物线型，有效功率与效率的关系曲线呈回原点的扭叶型；随着循环温比、预胀比的增加和传热损失系数的减小，最大有效功率、最大有效功率时对应的最佳压缩比、最大效率及最大有效功率对应的效率均增大；相同条件下，最大有效功率时对应的效率比最大功率时对应的效率大，选择最大有效功率为目标函数时，以牺牲部分功率为代价，使循环效率有较大提升。
O4,磁-热-弹多物理场耦合波的反射和透射 应用麦克斯韦电磁学理论引入洛伦兹力，反映外磁场对弹性波传播的影响．通过应用广义热弹性GN(Ⅱ)模型，反映热力耦合效应对弹性波传播的影响．通过色散方程和相速度，分析了外磁场和热力耦合效应对波动模式和色散特性的影响．应用连续性边界条件，计算出各种反射波和透射波与入射波的能流比，通过法向能量守恒验证了数值计算结果的可靠性．
O4,基于腔衰荡光谱技术的半导体光放大器增益测量 提出并验证一种基于腔衰荡光谱（CRDS）技术的半导体光放大器（SOA）增益测量方法．实验系统包括经RF信号调制的DFB激光器、半导体光放大器、环形器、光纤布拉格光栅、耦合器、温度控制器、光电探测器及示波器．导出了半导体光放大器增益与腔衰荡时间之间的函数关系式．结果表明，腔衰荡时间是半导体光放大器增益的函数，增益是波长的函数，给出了一种测量SOA增益的新方法及技术可行性．
O4,电磁场角动量守恒定律的四维协变形式 导出了电磁场角动量守恒定律的四维协变形式，并讨论了其物理意义：该形式是一个四维二阶张量方程，一共有6个非零独立分量，其中3个分量给出电磁场的角动量守恒定律，另外3个分量同时给出电磁场的能量和动量守恒定律．
O4,索末菲展开对二维电子气体费米能级求解的有效性分析 索末菲展开是固体物理学中讨论自由电子气体性质的重要方法，二维电子气体是金属自由电子气体的一个特例，目前受到了科研工作者的广泛关注．利用严格求解和索末菲展开近似求解两种不同方法对二维电子气体的费米能级进行了计算，同时对两种方法进行比对．分析发现，如果气体温度较低，索末菲展开近似引起的误差较小，阐述了索末菲展开方法的有效性和使用条件．该研究将对学生深入理解固体物理学中相关知识内容有所帮助．
O4,外电场调控V_2NO_2/MoGe_2N_4异质结界面性质的第一性原理 采用第一性原理计算系统地研究V_2NO_2和Mo Ge_2N_4的基础性质，及其异质结界面的电场响应特性．V_2NO_2具有类金属特性，Mo Ge_2N_4为间接带隙半导体特性．两种结构搭建的异质结具有六种不同堆叠方式，全部构型进行优化并选用了最低能量构型进行电场响应特性分析．V_2NO_2/Mo Ge_2N_4异质结构的界面相互作用为范德瓦尔斯相互作用，两种结构在异质结中良好地保持了自己的本征性质．在外电场的调控下，V_2NO_2/Mo Ge_2N_4异质结可以在p型肖特基接触和欧姆接触之间转换．结果表明，V_2NO_2/Mo Ge_2N_4是可调的金属/半导体接触．
O4,基于主成分分析和VU分解法的两步随机相移算法 为了平衡相位计算的精度和速度，大量的两步随机相移算法发展起来。提出了一种基于主成分分析和VU分解法的快速、高精度两步随机相移算法。首先，采用两步主成分分析法对经过滤波的两幅相移干涉图进行计算求出迭代初始相位；然后，利用没有滤波的两幅相移干涉图进行VU分解、迭代求出最终相位。通过模拟和实验结果对比表明：与四种性能良好的两步随机相移算法相比，对于不同的条纹类型、噪声、相移值及条纹数量，提出的算法综合性能最好，其精度最高，有效相移范围和有效条纹数量范围最大，当干涉图像素数为401 pixel×401 pixel时，提出的算法仅比格兰-施密特正交化法和两步主成分分析法多花费0.035 s。在理想情况下，提出的算法可以得到完全正确的结果。如果需要得到较高精度，最好能够提前抑制噪声，同时设置相移值远离0和π，条纹数量大于2。主成分分析和VU分解法无需滤波，花费近似非迭代算法的时间获得迭代算法的精度，其打破了迭代算法花费时间较多的限制，适合高精度光学在线检测，有广泛的发展前景。
O4,基于改进U-Net网络的相位解包裹技术研究 提出了一种结合深度学习的空间相位解包裹方法，采用基于改进U-Net网络的编码器-解码器架构，同时加入包含双向长短期记忆网络(BILSTM)的CBiLSTM模块，并且结合注意力机制，避免了典型卷积神经网络学习全局空间依赖关系的固有缺陷的同时增强了深度学习模型对相位解包裹任务中的关键信息的关注能力。通过大量的模拟数据，验证了文中方法在严重噪声(SNR=0)、不连续条件和混叠条件下的鲁棒性，在以上三种情况下，同其他深度学习网络模型进行对比，文中所提出的网络模型的归一化均方根误差(NRMSE)分别为0.75%、1.81%和1.68%；结构相似性指数(SSIM)分别为0.98、0.92和0.94；峰值信噪比(PSNR)分别为40.87、32.56、37.38；同时计算时间显著减少，适合应用到需要快速准确的空间相位解包裹任务中去。通过实际测量数据，验证了文中提出网络模型的可行性。该研究将双向长短期记忆网络(BILSTM)和注意力机制同时引入光学相位解包裹问题中，为解决复杂相位场的解包裹提供了新的思路和方案。
O4,"X射线安检仪人包自动绑定方法研究 为解决铁路旅客运输中用X射线安检仪对旅客行包进行安检时，人工判断行包所属旅客工作难度大、效率低的问题，提出一种结合人脸探测及时间关联的人包信息绑定与输出显示系统。在不改变X射线安检仪和装置结构的基础上，在X射线安检仪入口处设置监控摄像机对旅客放置行包过程进行图像采集,通过算法合理计算旅客放行包与安检机采集行包X射线图像时间差，并用人脸分类器快速筛选出含有对应人脸的图像，与行包X射线图像自动绑定。通过实际软硬件调试和人包绑定实验数据分析证明方法的有效性。"
O4,"X及Ku波段宽带极化转换超表面设计及RCS缩减应用 针对反高分辨率雷达探测的电磁隐身问题，本文设计了一种作用于X和Ku波段的宽带反射型极化转换超表面，能够在6.5～8GHz范围内实现85%以上的极化转换效率，在8～20GHz范围内实现90%以上的极化转换效率，极化转换效率在85%以上的相对带宽达到了101%，且超表面剖面较低，整体厚度小于3.6mm，并将其自身和镜像单元设计成了方形式和三角式棋盘阵列排布结构。在x极化和y极化电磁波垂直入射下，与同等大小金属相比，两种棋盘式阵列排布结构的雷达截面积（RCS）缩减效果明显，且具有极化不敏感的特性，其中方形式棋盘结构RCS缩减峰值达到了22.91dB,RCS减缩均值达到了11.73dB；三角式棋盘结构RCS缩减峰值达到了36.07dB,RCS减缩均值达到了12.29dB，起到了大幅度降低单站RCS提升电磁隐身性能的作用。"
O4,"一种太赫兹可重构超表面设计方法 太赫兹是第六代无线通信系统的核心技术之一，而可重构超表面技术作为太赫兹感通一体的难点问题，对其进行研究具有重大的意义和价值。本文提出了一种基于肖特基二极管的1 bit相位可重构超表面，通过控制肖特基二极管的偏置电压可以控制超表面单元在‘0’和‘1’两种工作状态间切换，可重构超表面单元在203GHz～230GHz的频段内实现了在‘0’,‘1’两种状态下反射幅度均大于-1dB,反射相位有180°±20°的变化，基于对单元进行组阵仿真试验，通过合理的设计阵面上单元的工作状态，可以实现波束扫描功能。本文所提出的方法为太赫兹可重构超表面的研究提供了一种新思路，在未来6G太赫兹通信等领域有重要的应用价值。"
O4,量子通信技术及应用研究综述 量子通信技术自20世纪80年代诞生以来，获得了突飞猛进的发展。文章将量子通信技术及应用研究划分为量子通信协议研究、量子通信工程技术研究以及量子通信应用研究等三方面。在对量子密钥分发、量子秘密共享、量子隐形传态和量子安全直接通信等量子通信协议的技术原理、应用领域和研究进展进行分析对比的基础上，对量子光源产生、量子随机数发生、量子纠缠编码和单光子探测等量子通信工程技术的研究现状进行了总结，并对当前世界各国在量子通信链路构建、量子通信网络构建和量子通信系统构建等方面的主要研究进展进行了介绍，指出了量子通信当前存在的通信速率低、传输距离近、制造成本高等问题，明确了未来的发展方向，可以为量子通信技术和应用相关研究提供一定的参考。
O4,量子信息技术在未来电子对抗中的前景展望 量子信息技术飞速发展，已成为研究热点，并逐步走向未来战场应用，可极大改变敌我战场态势，威胁我方电子对抗装备系统作战效能。为应对量子信息技术带来的安全威胁以及算力威胁，全面提升我国电子对抗装备具备远程精确化、智能自动化、隐身无人化等特点，是未来重点研究领域，关系着未来战场走向。文章结合量子技术特点，重点分析了量子测量、量子雷达探测以及量子保密通信等量子信息技术国内外发展现状，以及该技术对现代电子对抗应用的潜在影响，并提出量子信息技术与电子对抗技术融合发展思路，构想量子信息技术在电子对抗装备领域应用的模式，并对未来“量子-电子对抗”技术进行前景展望，努力争夺未来量子-电子领域制高点。
O4,车载自组网络下基于量子随机数的高效组密钥分发方案 针对车载自组网络近场通信中密钥分发通信开销大、安全性低的问题，本文提出了一种基于量子随机数的高效量子组密钥分发方案。在该方案中：（1）通过车端和云端的量子随机数共同生成车辆的匿名凭证，并采用零知识证明方式实现车辆与路端的身份互认，保护了车辆隐私；（2）通过一种两段式的组密钥，即路端和云端的两个关键参数实现了组密钥的更新。组密钥在保证前向安全和后向安全的前提下，信令开销减少了一半，大大缩短了组密钥下发时间。最后，通过安全性和性能分析证明了该方案的安全性。
O4,量子通信技术在变电站领域的应用展望 量子通信技术作为量子信息技术的一个分支，对于未来变电站通信安全提升具有重要价值。介绍了几种量子通信技术的发展现状及工程实施可行性，进行了传统非对称密钥加密体系与量子密钥分发加密体系的密码学对比，分析了三种通信架构的技术特点和工程应用的可推广性，展望了量子通信技术在变电站领域可能的应用场景，并对量子通信技术在变电站领域应用遇到的问题提出了建议。
O4,电磁涡旋波斜平面旋转目标运动参数估计方法 相较于传统平面电磁波，电磁涡旋波具有螺旋分布的波前相位、特殊的环形天线方向图、独特的涡旋方位维信息等特点。近几年来，得益于其特殊的物理特性，电磁涡旋波在目标运动参数估计领域受到了广泛的关注，其目标多普勒效应具有线性多普勒与旋转多普勒两维多普勒信息。现有参数估计方法实现了运动平面与涡旋天线口面平行时的目标旋转参数测量。然而，目标斜平面旋转下，现有方法将不再适用。基于电磁涡旋波所提供的目标旋转多普勒信息，提出一种斜平面旋转目标运动参数估计方法。该方法推导了一般形式下旋转目标的多普勒信号模型，通过分析斜平面下的多普勒信息特征，建立了目标运动参数表征式，给出了斜平面目标旋转参数的计算方法。最后通过仿真分析，验证了模型及参数计算方法的正确性及有效性。
O4,"Logistic混沌映射最低数字位5的特性研究 Logistic混沌映射在真实轨道中迭代真值在最低数字位是5的时候,迭代真值高数字位部分表现出随机特性,迭代真值低数字位表现出线性递增的公共数字位.实验分析显示,在绝对精度条件下,混沌真实轨道保持随机性和公共部分稳定的结构特征,在有限精度条件下,迭代值随机性受计算精度影响很大,公共部分只能通过低位迭代法获取."
P1,蜀道与阆中略论 从巴蜀大盆地生命史的整体观出发，可看到巴蜀民众在发展对外交通方面的努力，由此形成的东南西北4条“蜀道”，对巴蜀民众走出盆地，乃至走向世界，都有重要贡献。其中北上中原的路线是最早发挥重大作用的蜀道。它位处陈仓道与嘉陵江水道交汇枢纽的阆中，既凝聚着巴人的生命史和所创造的文化内容，又呈现出华夏历史文化发展进程的众多阶段的特征。
P1,基于改进ResNet算法的太阳黑子分类方法研究 文中提出一种基于改进的ResNet的太阳黑子图像分类方法，该方法在ResNet的基础上引入了空洞卷积和残差连接等技术，增强了训练模型的特征提取能力以及感受野。在模型训练过程中，采用交叉熵损失函数和SGD优化器进行参数优化，以提高模型的准确性和泛化能力。其中深度可分离卷积被用于替代传统的卷积操作，以减少模型的参数量和计算量。最后，在太阳黑子图像分类的公共数据集上进行实验评估。实验结果表明，提出的基于改进的ResNet模型在太阳黑子图像分类任务上表现出较高的准确率和鲁棒性，相比于传统的ResNet模型，可以取得更好的分类效果。该方法为太阳黑子图像分类提供了一种新的思路和技术方案，对于太阳活动预测和环境监测等领域具有重要意义。
P1,"Mars exploration——In situ K-Ar dating of jarosite To accurately determine the chronological framework of climatic variations recorded by various Martian terrains, the absolute ages of Martian events and cratering rate need to be constrained by either in situ dating or returned samples. In situ K-Ar dating is currently a more plausible dating technique as compared with sample return. Jarosite(KFe_3[SO_4]_2[OH]_6) is the only confirmed K sulfate mineral that is widely present on Mars, as indicated by in situ detection, orbital remote sensing, and meteorite studies. Jarosite can be used for precise K-Ar and ~(40)Ar/~(39)Ar dating. The preservation of jarosite on Mars provides information about the nature and duration of aqueous processes on the Martian surface. Different ages of Martian jarosite represent the key to constraining the transition from Martian surface water activity to arid climatic conditions. This paper summarizes recent advances in our knowledge of the spatial distribution of Martian jarosite, its mineralogical properties and stability on Mars, the Ar diffusion kinetics of jarosite, and the current status of in situ K-Ar dating. Moreover, we examine the key scientific issues to be addressed for in situ K-Ar dating of jarosite and Martian sample return missions, and discuss future research directions."
P1,"由超拍电子伏特加速器产生的超高能伽马射线气泡（英文） We report the detection of a γ-ray bubble spanning at least 100 deg~2 in ultra-high energy(UHE) up to a few Pe V in the direction of the star-forming region Cygnus X, implying the presence super Pe Vatron(s)accelerating protons to at least 10 Pe V. A log-parabola form with the photon indexΓ(E) =(2.71 ± 0.02) +(0.11 ± 0.02) × log_(10)(E/10 TeV) is found fitting the gamma-ray energy spectrum of the bubble well. UHE sources, ‘‘hot spots” correlated with very massive molecular clouds, and a quasi-spherical amorphous γ-ray emitter with a sharp central brightening are observed in the bubble.In the core of ～ 0.5°, spatially associating with a region containing massive OB association(Cygnus OB2) and a microquasar(Cygnus X-3), as well as previously reported multi-TeV sources, an enhanced concentration of UHE γ-rays is observed with 2 photons at energies above 1 PeV. The general feature of the bubble, the morphology, and the energy spectrum, are reasonably reproduced by the assumption of a particle accelerator in the core, continuously injecting protons into the ambient medium."
P1,70米射电望远镜滚轮组合的制造与安装 70m射电望远镜的方位转动依靠滚轮组合在轨道面上的滚动，为使其能够高精度准确指向被观测天体和航天器，依据滚轮组合的高精度安装要求，依次从加工与装配、安装与检测两个环节一一保证。首先，分析滚轮组合的结构组成以及运动原理；然后，分别控制滚轮轴与箱体的加工精度以及二者装配时的精度，保证了滚轮组合的加工与装配；现场通过激光跟踪仪检测、专用工装调整，保证了安装精度，经实际使用满足设计要求。
P1,"首次在嫦娥五号月壤中鉴定出铁陨石碎片类型（英文） Lunar soil preserves numerous fragments of meteorites impacting on the Moon, providing a unique opportunity to investigate the distribution of the types of projectiles over billions of years. Here we report the first discovery of an iron meteorite fragment from the Chang'e-5 lunar soil, which consists mainly of martensite(quenched from taenite), kamacite, and schreibersite, with a trace of pentlandite. The meteorite fragment is Ni-and P-rich, S-poor, and based on its mineral chemistry and bulk composition, can be classified into the IID-group, a rare and carbonaceous group of iron meteorite originating in the outer Solar System. This meteorite fragment experienced only limited partial melting followed by fast cooling,suggestive of efficient preservation of intact remnants of iron meteorites impacting on the porous lunar regolith. Alternatively, it is a relic of a low-velocity impact of submillimeter-sized metal grains originated from an IID-like iron meteorite. Our observations demonstrate that it is feasible to achieve the type distribution of meteorites impacting on the Moon via systematically analyzing a large number of metal grains separated from lunar soils, thus shedding light on the dynamic evolution of the Solar System."
P1,"日照对大型天线反射面面型误差的影响及修正方法 大型天线口径大、精度高、结构复杂且长时间在室外工作,日照对天线反射体产生非均匀、实时变化的热变形误差对天线电性能的影响日益突出.本文以景东120 m天线为具体研究对象,通过有限元方法计算在不同的观测姿态和日照环境下天线反射体的非均匀温度分布及其变化规律,探讨主反射面面形在实时变化日照影响下的演变规律,并针对面形非均匀热变形的实时误差开展补偿研究.结果表明,受太阳东升西落的影响,改变天线观测方位角可影响反射体温差变化达4°C,改变天线俯仰角可影响反射体温差变化达1.5°C,说明相同日照环境下,观测方位角对反射体的热影响更大;天线结构热变形在一天中呈现时变性与非均匀性,其中14时的变形量最大.受日照年度变化的影响,改变天线观测方位角将影响反射体温差呈增大、减小再增大的变化规律,其中夏季中午温度标准差最小,为0.1;对应地,反射体热变形全年呈增大、减小再增大的变化规律,其中冬季热变形最大,达2.6 mm,其余季节最大为2 mm,说明冬季日照对天线反射体的热影响更大.基于反射体热误差变化规律,引入误差耦合原理,分析反射体热变形误差,并通过馈源调整机构实现补偿.本文提出的反射体热变形仿真技术及馈源补偿方法可为提升大型天线指向精度提供理论基础与技术支持."
P1,"基于容器化的快速射电暴搜寻GPU并行优化 【应用背景】快速射电暴（Fast Radio Burst, FRB）搜寻是500米口径球面射电望远镜（FAST）的重要科学目标之一，其计算复杂度高，数据量大，当前算法GPU利用率偏低，数据处理需较多的人工介入操作。【目的】在不修改算法实现的前提下，实现进程级GPU并行优化，提高GPU整体资源利用率，简化算法运行调度，支持利用自动化脚本驱动计算过程。【方法】利用容器化封装FRB搜寻算法，结合GPU聚合技术实现多个FRB搜寻计算容器的多进程并行，支持GPU闲时复用。通过容器化封装屏蔽了GPU调用、依赖库管理等技术细节，减少人工介入操作。【结果】算法实验结果表明，在不修改原始算法、不增加GPU资源的前提下，将单GPU绑定6个计算进程，并行优化可实现FRB搜寻算法的加速比达到5.3，并行效率达到0.88，取得良好的并行效果。【结论】基于容器化封装及进程级GPU聚合的并行优化，可实现GPU利用率及计算效率的提升，有效支持自动化处理。该方法还具有良好的通用性，可适用于类似应用的并行优化。"
P1,"A Fermi-LAT Study of Globular Cluster Dynamical Evolution in the Milky Way:Millisecond Pulsars as the Probe Using archival Fermi-LAT data with a time span of～12 yr,we study the population of Millisecond Pulsars(MSPs) in Globular Clusters(GlCs) and investigate their dependence on cluster dynamical evolution in the Milky Way.We show that the γ-ray luminosity(L_γ) and emissivity(i.e.,ε_γ=L_γ/M,with M the cluster mass) are good indicators of the population and abundance of MSPs in GlCs,and they are highly dependent on the dynamical evolution history of the host clusters.Specifically speaking,the dynamically older GlCs with more compact structures are more likely to have larger L_γ and ε_γ,and these trends can be summarized as strong correlations with cluster stellar encounter rate Γ and the specific encounter rate(Λ=Γ/M), with L_γ ∝ Γ~(0.7±0.11) and ε_γ ∝ Λ~(0.73±0.13)for dynamically normal GlCs.However,as GlCs evolve into deep core collapse, these trends are found to be reversed,implying that strong encounters may have lead to the disruption of Low-Mass X-ray Binaries and ejection of MSPs from core-collapsed systems. Besides,the GlCs are found to exhibit larger ε_γ with increasing stellar mass function slope(ε_γ ∝10~((0.52±0.1)α)),decreasing tidal radius(ε_γ ∝ R_t~(-10±0.22)) and distances from the Galactic Center(GC,ε_γ ∝R_(gc)~(-1.13±0.21)).These correlations indicate that, as GlCs losing kinetic energy and spiral in toward the GC,tidal stripping and mass segregation have a preference in leading to the loss of normal stars from GlCs,while MSPs are more likely to concentrate to cluster center and be deposited into the GC.Moreover,we gauge ε_γ of GlCs is ～10-1000 times larger than the Galactic bulge,the latter is thought to reside thousands of unresolved MSPs and may be responsible for the GC 7-ray excess,which supports that GlCs are generous contributors to the population of MSPs in the GC."
P1,"Application of Regularization Methods in the Sky Map Reconstruction of the Tianlai Cylinder Pathfinder Array The Tianlai cylinder pathfinder is a radio interferometer array to test 21 cm intensity mapping techniques in the post-reionization era.It works in passive drift scan mode to survey the sky visible in the northern hemisphere.To deal with the large instantaneous field of view and the spherical sky,we decompose the drift scan data into m-modes,which are linearly related to the sky intensity.The sky map is reconstructed by solving the linear interferometer equations.Due to incomplete uv coverage of the interferometer baselines,this inverse problem is usually ill-posed,and regularization method is needed for its solution.In this paper,we use simulation to investigate two frequently used regularization methods,the Truncated Singular Value Decomposition(TSVD),and the Tikhonov regularization techniques.Choosing the regularization parameter is very important for its application.We employ the generalized cross validation method and the L-curve method to determine the optimal value.We compare the resulting maps obtained with the different regularization methods,and for the different parameters derived using the different criteria.While both methods can yield good maps for a range of regularization parameters,in the Tikhonov method the suppression of noisy modes are more gradually applied,produce more smooth maps which avoids some visual artefacts in the maps generated with the TSVD method."
P1,"Variable Stars in the 50BiN Open Cluster Survey. Ⅲ. NGC 884 Open clusters are the basic building blocks that serve as a laboratory for the study of young stellar populations in the Milky Way.Variable stars in open clusters provide a unique way to accurately probe the internal structure,temporal and dynamical evolutionary stages of individual stars and the host cluster.The most powerful tool for such studies is time-domain photometric observations.This paper follows the route of our previous work,concentrating on a photometric search for variable stars in NGC 884.The target cluster is the companion of NGC869,forming the well-known double cluster system that is gravitationally bound.From the observation run in 2016 November,a total of 9247 B-band CCD images and 8218 Ⅴ-band CCD images were obtained.We detected a total of 15 stars with variability in visual brightness,including five Be stars,three eclipsing binaries,and seven of unknown types.Two new variable stars were discovered in this work.We also compared the variable star content of NGC 884 with its companion NGC 869."
P1,"Effect of Cosmic Plasma on the Observation of Supernovae Ia In observational cosmology,a supernova la is used as a standard candle in order to extend the Hubble diagram to a higher redshift range.Astrophysicists found that the observed brightness of high redshift supernovae la is dimmer than expected.This dimming effect is considered observational evidence for the existence of dark energy in the universe.It should be noted that this conclusion is based on an assumption that the mass density of the cosmic plasma is very small.Therefore,the dimming effect caused by the Compton scattering of free electrons in cosmic plasma can be neglected.X-ray observations suggest that the mass density of the cosmic plasma may be very large.In theory,the observed dimming effect of high redshift supernovae Ia may be caused by the Compton scattering of free electrons in the cosmic plasma.In this paper it will be shown that this idea is reasonable.Therefore,there is no need to introduce the confusing concept of dark energy into cosmology."
P1,"Free Energy of Anisotropic Strangeon Stars Can pulsar-like compact objects release further huge free energy besides the kinematic energy of rotation?This is actually relevant to the equation of state of cold supra-nuclear matter,which is still under hot debate.Enormous energy is surely needed to understand various observations,such as γ-ray bursts,fast radio bursts and soft γ-ray repeaters.In this paper,the elastic/gravitational free energy of solid strangeon stars is revisited for strangeon stars,with two anisotropic models to calculate in general relativity.It is found that huge free energy(>10~(46) erg) could be released via starquakes,given an extremely small anisotropy((p_t-p_r)/p_r～10~(-4),with pt/pr the tangential/radial pressure),implying that pulsar-like stars could have great potential of free energy release without extremely strong magnetic fields in the solid strangeon star model."
P1,"Time-resolved Spectral Properties of Fermi-GBM Bright Long Gamma-Ray Bursts The prompt emission mechanism of gamma-ray bursts(GRBs) is still unclear,and the time-resolved spectral analysis of GRBs is a powerful tool for studying their underlying physical processes.We performed a detailed time-resolved spectral analysis of 78 bright long GRB samples detected by Fermi/Gamma-ray Burst Monitor.A total of 1490 spectra were obtained and their properties were studied using a typical Band-shape model.First,the parameter distributions of the time-resolved spectrum are given as follows:the low-energy spectral indexα～-0.72,high-energy spectral index β～2.42,the peak energy E_p～221.69 keV,and the energy flux F～7.49×10~(-6) erg cm~(-2) s~(-1). More than 80% of the bursts exhibit the hardest low-energy spectral index α_(max),exceeding the synchrotron limit(-2/3).Second,the evolution patterns of a and E_p were statistically analyzed.The results show that for multi-pulse GRBs the intensity-tracking pattern is more common than the hard-to-soft pattern in the evolution of both E_p and α.The hard-to-soft pattern is generally shown in single-pulse GRBs or in the initial pulse of multi-pulse GRBs. Finally,we found a significant positive correlation between F and E_p, with half of the samples exhibiting a positive correlation between F and α.We discussed the spectral evolution of different radiation models.The diversity of spectral evolution patterns indicates that there may be more than one radiation mechanism occurring in the GRB radiation process,including photo spheric radiation and synchrotron radiation.However,it may also involve only one radiation mechanism,but more complicated physical details need to be considered."
P1,"Data-driven Simulations of Magnetic Field Evolution in Active Region 11429:Magneto-frictional Method Using PENCIL CODE Coronal magnetic fields evolve quasi-statically over long timescales and dynamically over short timescales.As of now there exist no regular measurements of coronal magnetic fields,and therefore generating the coronal magnetic field evolution using observations of the magnetic field at the photosphere is a fundamental requirement to understanding the origin of transient phenomena from solar active regions(ARs).Using the magneto-friction(MF)approach,we aim to simulate the coronal field evolution in the solar AR 11429.The MF method is implemented in the open source PENCIL CODE along with a driver module to drive the initial field with different boundary conditions prescribed from observed vector magnetic fields at the photosphere.In order to work with vector potential and the observations,we prescribe three types of bottom boundary drivers with varying free-magnetic energy.The MF simulation reproduces the magnetic structure,which better matches the sigmoidal morphology exhibited by Atmospheric Imaging Assembly(AIA) images at the pre-eruptive time.We found that the already sheared field further driven by the sheared magnetic field will maintain and further build the highly sheared coronal magnetic configuration,as seen in AR 11429.Data-driven MF simulation is a viable tool to generate the coronal magnetic field evolution,capturing the formation of the twisted flux rope and its eruption."
P1,"The Clumpy Structure of Five Star-bursting Dwarf Galaxies in the MaNGA Survey The star-forming clumps in star-bursting dwarf galaxies provide valuable insights into understanding the evolution of dwarf galaxies.In this paper,we focus on five star-bursting dwarf galaxies featuring off-centered clumps in the Mapping Nearby Galaxies at Apache Point Observatory survey.Using the stellar population synthesis software Fitting Analysis using Differential evolution Optimization,we obtain the spatially resolved distribution of the star formation history,which allows us to construct the g-band images of the five galaxies at different ages.These images can help us to probe the evolution of the morphological structures of these galaxies.While images of a stellar population older than 1 Gyr are typically smooth,images of a stellar population younger than 1 Gyr reveal significant clumps,including multiple clumps which appear at different locations and even different ages.To study the evolutionary connections of these five galaxies to other dwarf galaxies before their star-forming clumps appear,we construct the images of the stellar populations older than three age nodes,and define them to be the images of the ""host"" galaxies.We find that the properties such as the central surface brightness and the effective radii of the hosts of the five galaxies are in between those of dwarf ellipticals(dEs) and dwarf irregulars(dIrrs), with two clearly more similar to dEs and one more similar to dIrrs.Among the five galaxies,8257-3704 is particularly interesting,as it shows a previous starburst event that is not quite visible from its gri image,but only visible from images of the stellar population at a few hundred million years.The star-forming clump associated with this event may have appeared at around 600 Myr ago and disappeared at around 40 Myr ago."
P1,"The ALMA-QUARKS Survey. Ⅰ. Survey Description and Data Reduction This paper presents an overview of the QUARKS survey,which stands for Querying Underlying mechanisms of massive star formation with ALMA-Resolved gas Kinematics and Structures. "" The QUARKS survey is observing139 massive clumps covered by 156 pointings at Atacama Large Millimeter/submillimeter Array(ALMA) Band 6(λ～1.3 mm).In conjunction with data obtained from the ALMA-ATOMS survey at Band 3(λ～3 mm),QUARKS aims to carry out an unbiased statistical investigation of massive star formation process within protoclusters down to a scale of 1000 au.This overview paper describes the observations and data reduction of the QUARKS survey,and gives a first look at an exemplar source,the mini-starburst Sgr B2(M).The wide-b and width(7.5 GHz) and high-angular-resolution(～0."" 3) observations of the QUARKS survey allow for the resolution of much more compact cores than those could be done by the ATOMS survey,and to detect previously unrevealed fainter filamentary structures.The spectral windows cover transitions of species including CO,SO,N_2D~+,SiO,H_(30)α,H_2CO,CH_3CN,and many other complex organic molecules,tracing gas components with different temperatures and spatial extents.QUARKS aims to deepen our understanding of several scientific topics of massive star formation,such as the mass transport within protoclusters by(hub-)filamentary structures,the existence of massive starless cores,the physical and chemical properties of dense cores within protoclusters,and the feedback from already formed high-mass young protostars."
P1,"Dealing with the Data Imbalance Problem in Pulsar Candidate Sifting Based on Feature Selection Pulsar detection has become an active research topic in radio astronomy recently.One of the essential procedures for pulsar detection is pulsar candidate sifting(PCS),a procedure for identifying potential pulsar signals in a survey.However,pulsar candidates are always class-imbalanced,as most candidates are non-pulsars such as RFI and only a tiny part of them are from real pulsars.Class imbalance can greatly affect the performance of machine learning(ML) models,resulting in a heavy cost as some real pulsars are misjudged.To deal with the problem,techniques of choosing relevant features to discriminate pulsars from non-pulsars are focused on,which is known as feature selection.Feature selection is a process of selecting a subset of the most relevant features from a feature pool.The distinguishing features between pulsars and non-pulsars can significantly improve the performance of the classifier even if the data are highly imbalanced.In this work,an algorithm for feature selection called the K-fold Relief-Greedy(KFRG) algorithm is designed.KFRG is a two-stage algorithm.In the first stage,it filters out some irrelevant features according to their K-fold Relief scores,while in the second stage,it removes the redundant features and selects the most relevant features by a forward greedy search strategy.Experiments on the data set of the High Time Resolution Universe survey verified that ML models based on KFRG are capable of PCS,correctly separating pulsars from non-pulsars even if the candidates are highly class-imbalanced."
P1,"Period–Luminosity Relationship for δ Scuti Stars Revisited The Gaia DR3 parallax approach was used to estimate the absolute parameters of 2375 δ Scuti stars from the ASAS catalog.The selected stars have a variety of observational characteristics,with a higher than 80% probability of being δ Scuti stars.We have displayed all the stars in the Hertzsprung-Russell diagram along with the δ Scuti instability strip,the Zero Age Main Sequence and the Terminal Age Main Sequence.Then,we determined which fundamental and overtone modes each star belongs to using pulsation constant(Q) calculations.In addition,we evaluated the parameters in the Q calculation equation using three machine learning methods,which showed that surface gravity and temperature have the greatest effect on its calculation.The Period-Luminosity(P-L)relationship of the δ Scuti stars was also revisited.Eventually,using least squares linear regression,we made four linear fits for fundamental and overtone modes and updated their relationships."
P1,"Variation in the Flaring Potential of Different Sunspot Groups During Different Phases of Solar Cycles 23 and 24 In this present study,we have analyzed different types of X-ray solar flares(C,M,and X classes) coming out from different classes of sunspot groups(SSGs).The data which we have taken under this study cover the duration of 24 yr from 1996 to 2019.During this,we observed a total of 15015 flares(8417 in SC-23 and 6598 in SC-24)emitted from a total of 33780 active regions(21746 in SC-23 and 12034 in SC-24) with sunspot only.We defined the flaring potential or flare-production potential as the ratio of the total number of flares produced from a particular type of SSG to the total number of the same-class SSGs observed on the solar surface.Here we studied yearly changes in the flaring potential of different McIntosh class groups of sunspots in different phases of SC-23 and 24.In addition,we investigated yearly variations in the potential of producing flares by different SSGs(A,B,C,D,E,F,and H) during different phases(ascending,maximum,descending,and minimum) of SC-23 and 24.These are our findings:(1) D,E,and F SSGs have the potential of producing flares ≥8 times greater than A,B,C and H SSGs;(2) The larger and more complex D,E,and F SSGs produced nearly 80% of flares in SC-23 and 24;(3) The A,B,C and H SSGs,which are smaller and simpler,produced only 20% of flares in SC-23 and 24;(4) The biggest and most complex SSGs of F-class have flaring potential 1.996 and 3.443 per SSG in SC-23 and 24,respectively.(5) The potential for producing flares in each SSG is higher in SC-24 than in SC-23,although SC-24 is a weaker cycle than SC-23.(6) The alterations in the number of flares(C+M+X) show different time profiles than the alterations in sunspot numbers during SC-23 and 24,with several peaks.(7) The SSGs of C,D,E,and H-class have the highest flaring potential in the descending phase of both SC-23 and 24.(8) F-class SSGs have the highest flaring potential in the descending phase of SC-23 but also in the maximum phase of SC-24."
R3,"3D打印含镁聚己内酯支架修复大鼠颅骨缺损 目的 评价3D打印含镁（Mg）聚己内酯（polycaprolactone,PCL）支架在大鼠颅骨缺损模型中的骨修复效果。方法 通过3D打印技术制备掺杂Mg微粒的PCL支架，以纯PCL支架为对照组，用扫描电镜（scanning electron microscopy,SEM）观察两种支架的表面形貌，用能谱分析仪（energy dispersive spectroscopy,EDS）分析表面元素成分，并通过接触角仪和电子万能试验机对其材料学性能进行表征。此外，将PCL-Mg支架浸入磷酸盐缓冲液中，连续28 d检测镁离子的释放行为。本研究已通过单位伦理委员会审查批准。建立SD大鼠颅骨临界尺寸缺损模型，根据植入支架材料不同，15只SD大鼠分为3组：PCL组、PCL-Mg组和对照组（未作处理），每组5只。术后4周和8周进行micro-CT扫描检测分析，并在8周后获取颅骨缺损区样本及大鼠主要脏器进行组织学染色。结果 通过3D打印技术制备掺杂Mg微粒的PCL支架孔径为（480±25）μm，纤维直径为（300±25）μm，孔隙率约为66%。PCL-Mg支架含Mg 1.0 At%，表明Mg微粒的成功掺杂。PCL-Mg支架的接触角为68.97°±1.39°，压缩模量为（57.37±8.33）MPa，相较PCL支架显示出更好的润湿性和机械强度。在术后4～8周的观察期内，与对照组及PCL组相比，在PCL-Mg组大鼠颅骨缺损区观察到最佳的新生骨形成，其骨再生指标新生骨体积、骨体积分数、骨表面积、骨表面积组织体积比、骨小梁厚度、骨小梁数和骨矿物密度均显著优于对照组、PCL组。另外，H&E染色、Glodner染色和VG染色结果显示PCL-Mg组诱导较多的矿化新生骨形成，同时主要脏器H&E染色提示良好的生物安全性。结论 PCL-Mg支架能够促进骨缺损的修复，为颌面部骨缺损修复提供了新的支架材料选择，具有潜在的临床应用前景。"
R3,"Surface morphology and cell viability of samarium(Ⅲ) oxide/chromium(Ⅲ) oxide/graphene oxide/polycaprolactone targeting wound dressing Combinations of metal and lanthanide oxides have been done through casted films for potential medical applications. In this regard, samarium(Ⅲ) oxide/chromium(Ⅲ) oxide/graphene oxide(GO)/polycaprolactone(PCL) based films nano-composites(NCs) were fabricated, pointing their utilization as a biological scaffold for wound dressing purposes. Also, samarium(Ⅲ) oxide and chromium(Ⅲ) oxide have been merged as promising optical constituents due to their unique optical behavior. The structural and compositional examination of the studied NCs was executed by X-ray diffraction(XRD), Raman, and field emission scanning electron microscopy(FESEM). The Sm_2O_3/Cr_2O_3/GO/PCL NC exhibits a surface with a lower roughness degree owing to the presence of GO. Cr_2O_3shows size reduction upon GO insertion to reach 1.2 μm as the average grain size, whilst Sm_2O_3records an average grain size of less than 1 μm. As well, the polymeric nano-compositions exhibit variation in contact angle values that hit 29.76°± 3.52°for Sm_2O_3/PCL, and 48.62°± 1.37°for Sm_2O_3/Cr_2O_3/GO/PCL as the second lowest contact angle. The optical behavior contributes to absorption edge relocation along the x-axis from 1.7 eV for pure PCL, to 2.65 eV for Sm_2O_3/Cr_2O_3/GO/PCL. Regarding biological responses, the cell exposed to 2.5 μg/m L of Sm_2O_3/Cr_2O_3/GO/PCL shows cell viability of 119.31%, while 5 μg/m L hits 99.6%. Additionally, the resulting cell attachment micrographs show layers of fibroblast tissue, besides the proliferation and growth of cultivated cells. Thus, the Sm_2O_3/Cr_2O_3/GO/PCL scaffold provides 3D proliferation of fibroblast cells endorsing the wound healing process."
R3,"Defined hydrogels for spinal cord organoids: challenges and potential applications Organoids of the central nervous syste m, primarily derived from pluripotent stem cells or neural stem cells, are three-dimensional tissue cultures with self-organizing properties. When exposed to the right combinations of signals, they differentiate into a 3D tissue consisting of complex cytoarchitecture and native cell types,"
R3,"Fish-on-Chips: unveiling neural processing of chemicals in small animals through precise fluidic control Precise chemical cue presentation alongside advanced brainwide imaging techniques is important to the study of chemosensory processing in animals.Nevertheless,the dynamic nature of chemical-carrying media,such as water or air,poses a significant challenge for delivering highly-controlled chemical flow to an animal subject.M oreover,"
R3,"Human brain organoid: trends, evolution, and remaining challenges Advanced brain organoids provide promising platforms for deciphering the cellular and molecular processes of human neural development and diseases. Although various studies and reviews have described developments and advancements in brain organoids, few studies have comprehensively summarized and analyzed the global trends in this area of neuroscience. To identify and further facilitate the development of cerebral organoids, we utilized bibliometrics and visualization methods to analyze the global trends and evolution of brain organoids in the last 10 years. First, annual publications, countries/regions, organizations, journals, authors, co-citations, and keywords relating to brain organoids were identified. The hotspots in this field were also systematically identified. Subsequently, current applications for brain organoids in neuroscience, including human neural development, neural disorders, infectious diseases, regenerative medicine, drug discovery, and toxicity assessment studies, are comprehensively discussed. Towards that end, several considerations regarding the current challenges in brain organoid research and future strategies to advance neuroscience will be presented to further promote their application in neurological research."
R3,"Harnessing endothelial cells and vascularization strategies for nerve regeneration Peripheral nerves are essential components of the human body's communication system,transmitting signals between the central nervous system and various body parts. Damage resulting from trauma or disease can result in debilitating sensory and motor deficits. Nerve injuries,"
R3,"The physiological role of the unfolded protein response in the nervous system The unfolded protein response(UPR) is a cellular stress response pathway activated when the endoplasmic reticulum, a crucial organelle for protein folding and modification, encounters an accumulation of unfolded or misfolded proteins. The UPR aims to restore endoplasmic reticulum homeostasis by enhancing protein folding capacity, reducing protein biosynthesis, and promoting protein degradation. It also plays a pivotal role in coordinating signaling cascades to determine cell fate and function in response to endoplasmic reticulum stress. Recent research has highlighted the significance of the UPR not only in maintaining endoplasmic reticulum homeostasis but also in influencing various physiological processes in the nervous system. Here, we provide an overview of recent findings that underscore the UPR's involvement in preserving the function and viability of neuronal and myelinating cells under physiological conditions, and highlight the critical role of the UPR in brain development, memory storage, retinal cone development, myelination, and maintenance of myelin thickness."
R3,"Mechanism of Cu entry into the brain: many unanswered questions Brain tissue requires high amounts of copper(Cu) for its key physiological processes, such as energy production, neurotransmitter synthesis, maturation of neuropeptides, myelination, synaptic plasticity, and radical scavenging. The requirements for Cu in the brain vary depending on specific brain regions, cell types, organism age, and nutritional status. Cu imbalances cause or contribute to several life-threatening neurologic disorders including Menkes disease, Wilson disease, Alzheimer's disease, Parkinson's disease, and others. Despite the well-established role of Cu homeostasis in brain development and function, the mechanisms that govern Cu delivery to the brain are not well defined. This review summarizes available information on Cu transfer through the brain barriers and discusses issues that require further research."
R3,静电纺丝复合支架在骨组织工程中的应用 由先天性疾病、骨折或肿瘤等形成的严重骨缺损一旦超过机体的自愈能力，将导致形成难以愈合的骨缺损。而由静电纺丝制备的纳米纤维支架能模拟天然骨细胞外基质，它不仅提供了利于细胞黏附、增殖及迁移的有利环境，而且能作为载体使支架，具备抗菌、抗炎、促成骨分化等功能。本文阐述了用生物活性分子、药物、无机生物材料等改性静电纺丝支架在骨组织再生工程中的应用，以期进一步为骨组织再生创建新型骨再生材料提供理论依据。
R3,类器官模型在肝细胞癌中的研究进展 类器官作为一种维持自身组织结构和功能的体外3D模型，很大程度上克服了传统肿瘤模型(包括2D细胞培养和体内小鼠培养)的局限性，近年来已成为研究肿瘤领域的有力工具。肝细胞癌(HCC)类器官从人和鼠来源的组织样品中产生，保留了亲本肿瘤组织的关键特征，包括组织学结构、基因组景观、表达谱和肿瘤内异质性。目前类器官在乙型肝炎病毒(HBV)及其他因素诱导的肝癌机制探索、药物筛选、个体化医疗中的应用正在被广泛研究。文章就类器官的起源、特性及其在肝癌中的应用展开综述。
R3,基于图神经网络和随机森林的CircRNA-疾病预测 环状RNA(CircRNA)广泛参与人类疾病的进程，其突变和失调与许多人类疾病密切相关．因此，建立一个高效准确的CircRNA与疾病之间的预测算法对于提前对疾病的发生做出预防以及发病后的治疗方案具有重要意义．提出了一种新的基于图神经网络和随机森林的算法预测CircRNA-疾病关联算法，在分层网络表示嵌入部分通过构建异构网络，根据网络图的邻近性，对网络图的节点和边缘进行分层，递归地合并原始图中的节点和边，得到若干具有相似特征的较小子网络．子网络规模随着分层的深入而递减，直至得到最小子网络后，使用node2vec网络图游走算法对其进行预处理，然后将全部节点的特征向量输入至随机森林分类器来识别潜在的CircRNA-疾病关联，从而进行预测．
R3,济南口岸输入性蜚蠊携带病原体宏基因组分析 目的 探讨利用宏基因组分析为济南口岸防控输入性蜚蠊传播疾病提供技术支持。方法选取2022年至2023年6月间济南海关辖区截获送检的623只蜚蠊作为研究对象。每批次40～50只为一组制作成体表样本和组织样本。对样本进行霍乱弧菌、沙门氏菌、志贺氏菌、诺如病毒多重PCR扩增；采用宏基因组测序对蜚蠊携带病原体进行监测分析。结果 623只蜚蠊经鉴定均为德国小蠊；霍乱弧菌、沙门氏菌、志贺氏菌、诺如病毒PCR检测均为阴性；15组蜚蠊样本中通过宏基因组检测出蟑螂杆状体细菌、大肠埃希菌、肠球菌属、不动杆菌属、魏斯氏菌属、变形杆菌、克雷伯菌属等多种细菌。结论 病原体宏基因组分析可以检出蜚蠊携带的多种病原体，且在大肠杆菌检出方面，灵敏度优于PCR检测技术，口岸需加强蜚蠊监控，及时拦截。
R3,毒厉螨的形态鉴别及相关研究现状 毒厉螨是啮齿动物等小型兽类体表最常见的革螨之一，其形态对分类鉴定十分重要。本文结合国内外文献，对毒厉螨进行了系统综述，涉及分类地位、形态鉴别特征、生活史、生态习性、分布、宿主动物、与疾病关系和染色体核型等多个方面。
R3,"少数民族地区基层扶贫干部心理弹性与职业倦怠研究——基于有调节的中介模型 目的 探讨少数民族地区基层扶贫干部心理弹性与职业倦怠的关系，并分析焦虑和民族差异在其中的作用机制。方法 于2019年9-10月，以分层随机抽样方法抽取四川省凉山州17个市县1 360名基层扶贫干部作为研究对象，采用心理弹性量表、广泛性焦虑障碍量表和职业倦怠问卷进行调查，利用Spearman相关性分析探讨心理弹性、焦虑、民族与职业倦怠间的关系，采用宏程序Process验证有调节的中介模型，检验焦虑的中介作用和民族的调节作用。结果 凉山州基层扶贫干部职业倦怠发生率为79.82%,16.22%处于重度职业倦怠，其心理弹性对职业倦怠有显著负向预测作用(β=-0.42,P<0.001);焦虑在心理弹性与职业倦怠间起部分中介作用(95%CI:-0.20～-0.14),中介效应占总效应的28.81%;中介路径后半段受到民族的调节，即相比少数民族，焦虑对职业倦怠的预测作用在汉族中更显著。结论 心理弹性能够通过焦虑影响少数民族地区基层扶贫干部职业倦怠，焦虑对职业倦怠的影响受到民族差异调节。"
R3,"利用定量单病毒示踪技术探究SARS-CoV-2与细胞膜融合动态过程（英文） Viral envelope fusion with the host plasma membrane(PM) for genome release is a hallmark step in the life cycle of many enveloped viruses. This process is regulated by a complex network of biomolecules on the PM, but robust tools to precisely elucidate the dynamic mechanisms of virus-PM fusion events are still lacking. Here, we developed a quantitative single-virus tracking approach based on highly efficient dual-color labelling of viruses and batch trajectory analysis to achieve the spatiotemporal quantification of fusion events. This approach allows us to comprehensively analyze the membrane fusion mechanism utilized by pseudotyped severe acute respiratory syndrome coronavirus 2(SARS-CoV-2) at the singlevirus level and precisely elucidate how the relevant biomolecules synergistically regulate the fusion process. Our results revealed that SARS-CoV-2 may promote the formation of supersaturated clusters of cholesterol to facilitate the initiation of the membrane fusion process and accelerate the viral genome release."
R3,"表位结构指导免疫优势转移的HPV交叉疫苗的理性设计（英文） In vaccine development, broadly or cross-type neutralizing antibodies(bn Abs or cn Abs) are frequently targeted to enhance protection. Utilizing immunodominant antibodies could help fine-tune vaccine immunogenicity and augment the precision of immunization strategies. However, the methodologies to capitalize on the attributes of bn Abs in vaccine design have not been clearly elucidated. In this study,we discovered a cross-type neutralizing monoclonal antibody, 13H5, against human papillomavirus 6(HPV6) and HPV11. This n Ab exhibited a marked preference for HPV6, demonstrating superior binding activity to virus-like particles(VLPs) and significantly higher prevalence in anti-HPV6 human serum as compared to HPV11 antiserum(90% vs. 31%). Through co-crystal structural analysis of the HPV6 L1pentamer:13H5 complex, we delineated the epitope as spanning four segments of amino acids(Phe42-Ala47, Gly172-Asp173, Glu255-Val275, and Val337-Tyr351) on the L1 surface loops. Further interaction analysis and site-directed mutagenesis revealed that the Ser341 residue in the HPV6 HI loop plays a critical role in the interaction between 13H5 and L1. Substituting Ser341 with alanine, which is the residue type present in HPV11 L1, almost completely abolished binding activity to 13H5. By swapping amino acids in the HPV11 HI loop with corresponding residues in HPV6 L1(Ser341, Thr338, and Thr339), we engineered chimeric HPV11-6HI VLPs. Remarkably, the chimeric HPV11-6HI VLPs shifted the high immunodominance of 13H5 from HPV6 to the engineered VLPs and yielded comparable neutralization titers for both HPV6 and HPV11 in mice and non-human primates. This approach paves the way for the design of broadly protective vaccines from antibodies within the main immunization reservoir."
R3,"绍兴市高校学生生殖道沙眼衣原体知识知晓和影响因素调查 目的 调查绍兴市高校学生对生殖道沙眼衣原体（CT）知识知晓率及其影响因素，为开展CT健康教育提供依据。方法 2022年11月1日至11月30日，采用问卷调查收集绍兴市在校大学生CT知识知晓情况、性行为等信息。使用Logistic回归分析CT知识知晓率的影响因素。结果 共回收有效问卷43 716份，绍兴市大学生CT总体知晓率为55.14%。知晓率影响因素的多因素Logistic回归显示，女性（相较于男性，OR=1.24,95%CI:1.19～1.29,P<0.001），有性行为的学生（相较于无性行为的学生，OR=1.20,95%CI:1.12～1.28,P<0.001）知晓CT防治知识的概率更高。本省外市户籍（OR=0.85,95%CI:0.81～0.90,P<0.001）、外省户籍（OR=0.66,95%CI:0.62～0.71,P<0.001）、外籍（OR=0.44,95%CI:0.21～0.92,P=0.03）的学生相较于本市户籍的学生，三年级（OR=0.90,95%CI:0.85～0.95,P<0.001）、四年级及以上学生（OR=0.80,95%CI:0.74～0.87,P<0.001）相较于一年级学生，双性恋大学生（相较于异性恋者，OR=0.82,95%CI:0.77～0.87,P<0.001），专科院校学生（相较于本科院校学生，OR=0.64,95%CI:0.62～0.67,P<0.001）知晓CT防治知识的概率更低。结论 绍兴市大学生生殖道沙眼衣原体知识总体知晓率较低，应对研究发现的知晓CT防治知识概率更低的在校大学生采取有效的措施，提高知晓率防止CT的传播蔓延。"
R3,新型冠状病毒感染流行期间医护人员心理健康的Meta分析 目的 系统评价新型冠状病毒感染流行期间医护人员的心理健康状况，深入分析不同特征医护人员心理问题检出率差异，整体评估新型冠状病毒感染疫情对医护人员心理健康状况的影响。方法 检索PubMed、ScienceDirect、Web of Science和中国知网等数据库收录的有关新型冠状病毒感染流行期间医护人员压力、焦虑及抑郁状况的研究文献，检索时限2020年1月—2022年3月。分别采用RevMan 5.3和Stata 16软件对纳入研究进行文献管理和Meta分析。结果 检索获得2020—2022年相关研究2 637篇，筛选后纳入文献66篇，包括被试50 428名，其中医护人员整体压力、抑郁、焦虑症状检出率分别为18.19%(95%CI:0.128 9～0.234 9)、36.13%(95%CI:0.320 3～0.402 3)、34.18%(95%CI:0.299 3～0.384 2)。检出率在性别、岗位、年龄、科室和城市上存在显著差异。结论 新型冠状病毒感染疫情对医护人员的心理健康状况造成了强烈冲击，需重点关注女性、护士、30～<40岁年龄组、重点科室和一线城市等因素，强化适用不同特征医护人员的心理援助措施。
R3,基于RBF神经网络的双臂手术机器人自适应导纳控制 针对双臂机器人在辅助头颈部手术拉开软组织过程中环境刚度变化而导致的力跟踪误差较大问题，提出一种基于径向基函数（RBF）神经网络的自适应导纳控制策略，减小力跟踪误差，提升系统的响应速度。通过在手术过程中利用RBF神经网络在线调整导纳参数，提高机械臂对不同接触条件和操作要求的适应性，实现快速精确的力跟踪。仿真实验将基于RBF神经网络的自适应导纳控制策略引入双臂力同步导纳控制系统并与传统定参数导纳控制对比，证明其在接触环境参数变化情况下的接触力控制效果。结果表明，基于RBF神经网络的自适应导纳控制策略可以有效提升双臂手术机器人力跟踪精度、响应速度以及抗干扰能力。
R3,基于主动光源阵列的骨科机器人末端示踪装置 为减少机械臂导航过程中示踪装置视线遮挡问题对手术的影响，研究一种多角度主动光源阵列的末端示踪装置，采用非支架式的机械结构，配合双目相机，实现对手术机械臂位置的感知。通过大小两个棱柱相互配合，组成多角度的光源阵列，实现对机械臂工具中心点的计算。通过COMSOL软件搭建简易模型，验证示踪装置信号使用范围；通过覆盖范围实验和静态定位实验证明装置的有效性和稳定性，可以满足手术机器人的任务要求。
F7,数字经济时代下消费者惰性对缺货后悔的作用分析——决策延迟的中介作用和转换成本的调节作用 在数字经济时代的大背景下，信息过载乃至信息爆炸现象已影响消费者正常决策活动，因此而催生的消费者惰性现象日益严重，惰性消费者很可能出现决策延迟，消费者在产品缺货后便会产生后悔行为。深入研究和剖析消费者惰性产生原因和影响结果，不仅为我们的研究提供理论基础，也能为企业营销时间提供参考价值。从有限决策理论出发，根据现状偏好理论、决策回避理论等，构建消费者惰性对取货后悔的理论模型，将决策延迟设为中介变量，转换成本设为调节变量进行实证研究，采用层次回归分析法对收集到的290多份有效调研数据进行实证分析。调查表明：一是构成消费者惰性的三个维度中，行为惰性、认知惰性和情感惰性均正向影响缺货后悔；二是决策延迟对行为惰性与缺货后悔的正向关系中具有显著的部分中介作用，对认知惰性与缺货后悔的正向关系中有显著的完全中介作用，对情感惰性与缺货后悔的正向关系具有显著的部分中介作用；三是转换成本在认知惰性与缺货后悔之间起负向调节作用，在情感惰性与缺货后悔之间也具有负向的调节作用。基于此，企业应充分利用大数据分析市场需求，调整推广方式，传递清晰产品信息；关注并避免消费者决策延迟现象，做好信息服务工作，为消费者提供正确且必要的引导；应通过产品创新、服务质量改善、深度沟通等方式，实现消费者转换成本的提升和品牌认同的目标。
F7,"太原市住宅区与零售业关联分析——POI应用示例 为对太原市的住宅区与零售业的空间关联性进行研究,以太原市六区为研究对象,基于住宅区和零售业兴趣点(POI)数据,采用核密度估计、相关性分析方法对住宅区与零售业在空间布局上的关联性进行探究,并进一步运用地统计学中的趋势分析估算住宅价格与零售业布局之间的空间关系。结果表明,太原市住宅区与零售业在空间上的布局形式都表现为太原市中心连片集聚、市外围多出现“孤岛”点状集聚的空间分布态势;太原市住宅区与零售业的核密度相关系数为0.878,其中住宅区与便利店在空间上的相关性和集聚性较强,与超市、商场商厦的相关性和集聚性较差;太原市房价的空间分布形态为“一个中心,多个次中心”,这种分布符合零售业的空间密度分布规律。这说明可以针对不同的居住空间情况来实施零售业的规划,以便于优化太原市的商住空间布局,促进城市的可持续发展。"
F7,中美木质林产品贸易研究 总体来看，中美木质林产品贸易额不断提高。然而，2018年后由于中美贸易摩擦及其他阻碍，两国间的木质林产品贸易发展受到较大负面影响。在贸易往来中，中国主要向美国出口木家具、纸和纸制品、木制品，进口则以纸和纸制品、木浆、锯材为主。在中美木质林产品贸易中存在着出口市场过度集中、中美经贸摩擦、技术性贸易壁垒等问题。因此，中国应多元化出口市场、推动部分产业链外迁，并建立与国际接轨的木材合法性认定制度体系，推动木质林产品产业高质量发展。
F7,拼多多战略成本管理及启示 在经济复苏的后疫情时代，电商平台间的竞争愈演愈烈，如何在激烈的竞争中占据主导地位是拼多多当下亟须解决的问题。战略成本管理相较于传统的成本管理，在战略层分析企业成本结构，能更加全面地为企业战略决策提供有用的信息。因此，本文以战略成本管理的理论概述为依据，从战略定位、价值链、成本动因三个方面对拼多多战略成本管理的应用情况进行分析研究，指出不足之处，并提出关于拼多多战略成本管理的启示。
F7,三只松鼠盈利能力分析 盈利能力是指企业在一定时期内利用各种经济资源获取利润的能力，在一定程度上反映其是否具有企业营销、获取现金、降低成本及规避风险等能力的重要标准，是企业竞争力和运营状况的具体表现。本文以三只松鼠为例，通过相关财务指标对三只松鼠上市以来盈利水平进行分析，发现存在的问题，剖析原因，并对未来发展提出建议。
F7,对奢侈性娱乐业征收消费税可行性分析 增值税低税率的设计以及税收中性的特征，决定其缺乏对娱乐业调节的意旨和可行性。为更好地引导消费，娱乐业在整体“减负”的同时也应该“加负”。现阶段应该将日渐大众化的娱乐业与奢侈性娱乐服务业进行分类别、分行业征税，把消费税的征税范围相应地扩大到无形的服务产品，对大众娱乐业继续按照增值税征收，将奢侈性娱乐业纳入消费税征税范围，消费税与增值税相互配合，既有利于引导消费行为，调节过高收入，也有助于增强纳税人纳税意识，控制过度消费。
F7,“互联网+”下中医药产业传承与创新 中医药是我国五千年文明传承的历史瑰宝，在我国医疗事业发展中占据着重要地位。如今，我国进入新的历史发展时期，随着电商网络平台的崛起以及互联网大数据的深入应用，中医药发展也迎来新的机遇和挑战。本文在互联网技术支持和电商快速发展背景下，以当前中医药产业发展现实环境为基础，探讨依托现代互联网和电商平台中医药产业可行的创造性转化和创新性发展路径，同时结合我国中医药产业发展困境，提出相应的对策建议。
F7,中国对外直接投资与服务业增长 当前，中国的对外直接投资（OFDI）流量与存量规模均位居世界前列，而与类似经济发展水平的国家相比，中国服务业占GDP的比重并不高，研究中国OFDI影响服务业增长的机制并更好地实施“走出去”战略，对于中国构建新发展格局具有重大的战略意义。本文利用中国31个省市面板数据，测度中国OFDI对服务业增长的影响效应及影响机制，并进行异质性检验。
F7,RCEP下江苏中小型外贸企业发展研究 2022年1月1日，区域全面经济伙伴关系协定（RCEP）正式生效。本文以江苏中小型外贸企业为例，从江苏中小型外贸企业现状、在RCEP协定实施以来所遇到的机遇、挑战以及应对对策等方面展开讨论。
F7,数字经济对外贸高质量发展影响研究 本文基于省级面板数据，构建数字经济和外贸高质量发展指标体系，建立固定效应模型，探究数字经济对于外贸高质量发展的影响作用。研究结果表明：数字经济显著地促进我国贸易高质量发展，且存在区域异质性，东部地区的促进效果最为显著，中部、西部次之。研究结果为我国贸易在新时代如何实现高质量发展提供政策启示。
F7,喜马拉雅地区贸易通道空间发展研究 喜马拉雅地区自古以来所形成的贸易通道不仅仅是传统的边民贸易通道，未来更是我国加强南亚周边交流互信、实现跨喜马拉雅互联互通建设的重要通道。本文从自然空间、空间实践和空间重构三个方面对喜马拉雅地区贸易通道空间发展进行研究。
F7,安徽省服务贸易高质量发展研究 服务贸易是安徽省经济发展转型的重要推力。本文以新冠肺炎疫情冲击下安徽省服务贸易发展现状为基础，分析其发展中的问题，结合现阶段国际服务贸易市场发展情况，为安徽省服务贸易高质量发展提供合理建议。
F7,“农来农网”电商小程序公益助农调研 近年来，我国城市建设发展迅速，与此同时乡村建设发展成为大众重点关注的问题。在乡村旅游业成为热点话题的同时，乡村的产业结构仍以农产品为主。本文通过自身研发小程序进行调研分析，对电商助农发展做进一步的改善和贡献。
F7,人力资本对异质性产品出口的影响 自澜湄合作机制建立以来，中国与澜湄国家推进经贸领域的各项合作，取得显著成效。云南省由于其优越的地理位置，是我国和澜湄合作的交汇点和进入东南亚市场的契入点，近年来云南省对澜湄国家的出口额逐年增长。本文从异质性产品角度切入，利用人力资本对云南省出口澜湄国家的贸易数据，构建模型进行回归分析。研究结果表明：不管是从总产品出口，还是异质性产品的出口，人力资本可以直接提高云南省出口澜湄国家的贸易额。
F7,电商平台强制“二选一”行为规制研究 伴随着手机网络的快速发展，许多电商平台也迎来发展的新春。各电商平台的业务范围逐渐扩大甚至相互重叠，领域内的竞争也进一步加强。许多电商平台为了自身的利益对商户、消费者等主体实施强制“二选一”行为，严重损害公平竞争的市场经济。又因为电商平台之间的竞争形势日新月异，现有的规制措施存在一定的滞后性，因此探讨相关法律对“二选一”行为的规制现状及不足，以便探寻更好的完善途径。
F7,“时间银行”互助养老模式定价机制研究 “时间银行”互助养老模式在我国人口老龄化加剧下已引起学术界的关注。本文从劳动价值重构和养老服务分级视角，对量化统计定价“时间银行”服务进行研究。通过调研养老机构、养老行业专家及相关志愿者获取一手数据，提出单一地区“时间银行”定价可由基础分、服务分和评价分组成，在此基础上进行统一大市场的通兑转换。运用探索性因子分析和专家打分方法建立服务分级模型确定服务内容权重，收集各地区经济发展状况和养老产业规模化程度数据，以多元线性回归和K-means聚类分析推出各地区转换乘数因子，验证理论定价机制可行性。本文构建“时间银行”量化定价机制，结合“时间银行”互助养老模式推行现状提出相关建议，为“时间银行”互助养老模式的跨区域推广提供启发与参考。
F7,全球生物制药贸易网络结构分析 本文根据全球生物制药产品双边贸易数据，采用社会网络分析方法对整体贸易网络进行研究，并分析全球生物制药产品贸易现状，对我国生物制药企业提出相关建议。研究表明：主要发达国家占据网络中心地位，中国和印度的网络地位近几年逐渐接近核心，全球生物制药贸易网络呈现小世界特征。
F7,贸易便利化对双边贸易的影响 当前，各国政府与国际组织正积极推进贸易便利化，意在通过优化贸易便利化相关措施降低贸易成本、提高贸易效率。为更好发挥我国对外贸易比较优势，构建更高质量的对外开放格局，本文基于已同中国签订共建“一带一路”合作文件的国家中的107国面板数据，使用双向固定效应模型对贸易便利化对双边贸易额作实证分析，并给出相关政策建议。
F7,我国养老服务人才培养研究 我国人口老龄化程度不断加深，已经严重影响到社会的发展。积极应对人口老龄化需要有完善的养老服务体系，而养老服务业的发展离不开养老人才的支撑。本文首先分析我国养老服务人才供需现状，发现供需之间存在矛盾。进一步探讨人才培养存在的问题，可将问题归纳为培养规划、培养力度以及培养水平等方面。同时，从政府、社会和高职院校等方面思考，如何完善人才培养体系，加快人才培养步伐。希望可以提出健全养老服务人才培养体系的新思路，助力养老服务业更好地向前发展。
F7,乡村振兴背景下旅居养老模式探究 现如今，我国老年人口在总人口中占据较大比重，如何构造良好的养老体系满足老年人口的迫切需求成为不可忽视的课题。本文研究“旅居养老”新型养老模式，旨在优化现有养老体系。
G8,社会记忆视角下北京冬奥档案征集工作研究 2022年北京冬奥会的成功举办是中华民族的共同记忆，从社会记忆视角研究北京冬奥档案征集工作，可促进北京冬奥档案征集工作更好地开展，为今后重大活动档案征集工作提供参考。本文将理论框架限定在社会记忆视角下，讨论社会记忆理论对档案征集工作的指导意义，通过文献研究法与访谈法分析总结北京冬奥档案征集工作的机制与成效，从征集制度、征集主体、征集时间三方面指出档案征集工作中的问题与不足，提出档案征集工作应当更加注重完善顶层设计与标准规范、加强记忆机构间的交流协作、建立全生命周期档案征集机制等对策建议。
G8,乡村体育赛事赋能乡村振兴的SWOT分析——以贵州“村超”“村BA”为例 本文运用文献综述法、专家访谈法等研究方法，以贵州“村超”“村BA”为例，论证乡村体育赛事赋能乡村振兴的必要性，分析乡村体育赛事赋能乡村振兴的优势、劣势、机遇和挑战，对乡村体育赛事赋能乡村振兴的因素进行系统分析，建立SWOT矩阵模型，提出乡村体育赛事赋能乡村振兴的制定增长型(S-O)、实施弥补型(W-O)、拟定拓展型(S-T)和采取防御型(W-T)发展策略，从而推动乡村经济高质量发展，以期全面实现乡村振兴战略目标。
G8,中国体育旅游景区效率时空格局与影响因素 近年来体旅融合已然成为一种新趋势，如何进一步提高体育旅游景区的综合效率是当前亟待解决的问题。文中运用DEA模型、地理学相关方法和Tobit模型，针对2010-2022年中国49个体育旅游景区进行了效率测度，并对景区效率的时空格局、影响因素进行了分析。研究发现：1)体育旅游景区综合效率较低，主要原因是由于纯技术效率低造成的，且景区规模投入的边际效应已不断递减。2)从空间上看，体育旅游景区效率呈现出东高西低的不均衡态势，东部沿海地区景区形成集聚且效率相对较高；从时间格局上看，2010-2022年体育旅游景区的规模效率整体处于高位，纯技术效率2010-2019年效率稳步提升，2020-2022年有所波动，西部地区景区、刺激冒险型景区效率提升明显。3)体育旅游景区效率受交通通达性、气候条件、当地经济环境、体育发展状况及旅游产业结构等因素的影响，未来景区需注重减少规模投入和体育内容的增加。
G8,可穿戴式汗液传感器在运动监测中的研究进展 可穿戴式汗液传感器可以解决运动监测中送检周期长、汗液收集分析程序繁杂、难以连续监测等难题。能够在不同的运动环境中对运动员的汗液进行实时监测，可动态了解运动员身体机能和训练效果。依据技术原理将可穿戴式汗液传感器进行了分类，梳理分析了可穿戴式汗液传感器在运动监测中的研究进展，讨论了在运动监测应用中面临的挑战，展望了未来在运动监测领域的发展的方向。具有高灵敏度、多功能集成、快速响应等功能的可穿戴式汗液传感器在运动监测领域具有广阔的应用前景。
G8,我国三人篮球职业化运营探讨 随着三人制篮球运动正式成为奥运会比赛项目，三人制篮球项目的地位不断上升。在此背景下，为了促进我国三人制篮球的不断发展，中国三人篮球职业联赛应运而生（超三联赛）。本文主要分析中国男子三人篮球超级联赛的成立对于我国三人篮球运动在竞赛体系、提高三人篮球竞技水平、提供后备人才、三人制篮球裁判发展、三人制篮球配套措施以及在国内进一步推广三人篮球运动产生的积极影响。
G8,中国高端体育智库建设助力体育国际话语权提升的价值、维度及策略 加强中国高端体育智库建设是助力体育国际话语权提升的重要途径。采用文献资料法，探究中国高端体育智库建设助力体育国际话语权提升的价值、维度及策略。研究认为，中国高端体育智库建设在提升中国参与全球体育治理能力、树立中国负责任的体育大国形象、推动中国体育思想与文化对外传播方面具有重要价值。中国高端体育智库与国际社会的交流互动、人才互派、成果互享、智媒互联四个维度助力体育国际话语权提升。提出以下策略：加强聚焦国际视野的体育交流合作，提升话语引导力；扩大国际化体育人才培养规模，强化话语渗透力；提升智库成果的国际影响力，增强话语创造力；注重国际化传播矩阵建设，增强话语传播力。
G8,辽宁冰雪文化旅游的困境及发展策略研究 采用文献资料法，探讨辽宁冰雪文化旅游的现实困境及发展策略。结果表明：辽宁冰雪文化旅游发展的困境主要体现在冰雪文化旅游区域布局与发展水平不均衡，冰雪旅游产业整体规划与布局不完善，冰雪文化旅游品牌效应较弱等方面。针对这些困境提出发展策略：打造辽宁暖冬冰雪文化旅游品牌，开发辽宁全域冰雪文化旅游精品路线、利用网红效应营造冰雪文化传播环境，积极开展冰雪民俗活动，利用数字化技术打造沉浸式冰雪体验。
G8,数字技术驱动乡村“体文旅”深度融合发展研究 随着数字技术应用领域的不断拓展，数字技术驱动乡村“体文旅”深度融合发展已成为全面推进乡村振兴、构建现代化产业体系的重要推动力。立足于产业融合理论和利益相关者理论，通过数字技术驱动乡村“体文旅”深度融合发展新视角，重塑现有乡村“体文旅”融合模式的发展机制，并审视当前数字技术驱动乡村“体文旅”深度融合发展的困境阻滞，发现顶层政策指导性不突出、基层信息推行力度不到位，乡村数字设施建设薄弱、财政经费衔接利用不明晰，乡村融合特色不显著、游客“体文旅”消费需求薄弱，数字技术复合人才匮乏、融合场景满意度受局限等问题。提出打造政策制定施行双向大数据通道、利用数字技术精准调控，强化乡村数字基础设施建设、推动数字化“体文旅”深度融合发展，促进产业合作与创新、打造数字化“体文旅”深度融合产业链，加强人才培养与引进，提升乡村“体文旅”产业的专业化水平，以期为乡村“体文旅”深度融合发展提供参考。
G8,辽宁省海洋体育旅游业高质量发展驱动因子及创新路径研究 运用文献资料法，从我国经济高速增长转向高质量发展阶段的现实背景出发，寻找辽宁省海洋体育旅游业高质量发展的驱动因子及创新实践路径。结果显示，政策红利推动力、消费升级拉动力、产业融合驱动力、科技赋能支撑力是推进辽宁省海洋体育旅游业高质量发展的驱动因子；结合辽宁省海洋体育旅游发展现状，提出高质量发展的创新路径：政策引导和制度保障、技术赋能与创新驱动、环境优化与场景创新、供需共振与要素集聚等。
G8,黑龙江省冰雪体育旅游资源开发现状研究 冰雪体育旅游是推动经济增长的新动力，黑龙江省拥有优渥丰富的冰雪资源，冰雪体育旅游行业已经进入快速发展时期。本文主要以实地调查法与文献资料法为研究方法，通过对黑龙江冰雪体育旅游资源开发的现状进行研究梳理，发现主要存在以下问题：发展规划和布局单一、发展缺乏文化内涵与发展专业人才短缺。本文提出以下发展建议：统筹规划，丰富文化内涵、打造冰雪体育旅游的集群IP与加强专业人才培养。
G8,户外精致露营的盈利模式探究 2020年被称为“精致露营元年”，相关运动产品销售迎来爆发式增长。精致露营是目前风靡各大社交媒体的户外运动方式，具有更生活化更潮流化的特征，激发国内市场快速发展。基于此，本文以精致露营为研究对象，首先对精致露营以及盈利模式作出明确定义，并运用文献阅读法、问卷调查法、实地考察法分析精致露营的利润对象、利润点、利润杠杆、利润来源和利润屏障。本文通过寻找精致露营市场在生产经营中的盈利机会，以期为我国精致露营行业可持续发展提供助力。
G8,农村体育赛事赋能乡村振兴的价值意蕴、阻滞因素与模式创新 运用文献资料法，对农村体育赛事赋能乡村振兴的价值、阻碍和模式创新进行研究。农村体育赛事赋能乡村振兴的价值：以赛增文，助推乡村文化振兴；以赛汇才，助推乡村人才振兴；以赛促旅，助推乡村产业振兴；以赛塑形，助推乡村生态振兴；以赛促建，助推乡村组织振兴。阻滞因素包括：人口空心化导致体育人才匮乏；思想壁垒化造成群众基础薄弱；体系不健全引起赛事保障或缺；资金不稳定致使活动难以为继；模式未形成引发消费活力不足。模式创新：以政策为导向，打造“汇聚+培育”人才孵化模式；以倡导为引领，创建“直接+间接”群众参与模式；以完善为目标，锤炼“公平+规范”完备赛事模式；以多方为主体，缔造“政府+社会”资金筹集模式；以网络为关键，拓展“线上+线下”多维商业模式。
G8,19世纪末至20世纪初苏格兰的中国艺术品收藏 2017年开始，苏格兰国家博物馆与苏格兰境内的36家机构合作，调查了整个区域内的东亚藏品状况，该项目在2020年初以调查报告的形式公布了成果。本研究以该调查报告为线索，锁定中国物品大量流入的19世纪末至20世纪初这一时间段，以不同身份的藏家为切入点，将这个时期从中国历经迁转来到苏格兰的“藏品”放置于收藏者个体的生命历程以及宏观的历史背景中去考察。重构“藏品”和“收藏者”在历史现场中的身份对于揭示中国和苏格兰这两个地域间的互动，探析中国器物在异域的接受史及其背后的动因，以及描绘苏格兰的历史图景都有重要意义。
G8,区块链赋能全民健身公共服务供给治理研究 运用文献资料法，探究区块链赋能全民健身公共服务供给治理的理论框架、变革向度及精准路径。研究认为：基于“服务金三角”理论模型构建全民健身公共服务供给治理框架，从服务需求重构、供给战略重构、供给系统重构、供给主体重构等方面诠释变革向度。并提出建构“链式”管理“、公有链”运作平台、需求精准管理和供给科学决策、创新赋能机制的供给实践框架，从供给需求、供给战略、供给系统、供给主体层面阐释区块链嵌入供给治理风险，为规避风险提出政府、企业、社会、个体应对路径。
G8,杭州市夜间体育经济发展现状及未来展望 杭州作为新型的互联网大城市，过去以其优美的自然景色和千年底蕴而著名，现在则因其现代化的便利和亚运会的盛名而联通全球。为了满足现代年轻人的夜间体育需求，杭州在近些年多次推出不同类型的夜间体育活动。本文通过深入研究发现，杭州市有着丰富的体育资源和浓厚的体育氛围，常住人口较年轻，参与夜间体育活动意愿较高，夜间体育经济近些年发展得如火如荼。但杭州夜间体育发展中存在着安全、交通不便和宣传不足等问题，之后发展过程中政府应采取相应的措施，选择性地升级改造智慧化的夜间体育活动中心，通过城市规划改善交通基础设施，鼓励更多的企业和赞助商参与。以“健身+”的方式，推动夜间体育经济可持续发展，进一步完善杭州公共体育服务体系，为城市夜间经济注入新的活力，为浙江建设共同富裕示范区积极贡献夜间体育力量。
G8,基于顾客满意度理论的健身房顾客满意度研究及建议 随着我国经济的发展，人们对于自身健康管理的需求与日俱增，对身体健康的重视程度逐渐提高。本文采用问卷调查法、访谈法、实地考察法的研究方法，以锦州沃德健身房顾客为调查研究对象，利用顾客满意度理论对沃德健身房顾客满意度进行调研，探讨影响健身房顾客满意度的因素，为改进顾客满意度提升策略提供理论依据。本研究从沃德健身房的运营现状入手，以顾客满意度理论为基础，从顾客与教练员、顾客对设施的需求等多个方面进行调查问卷设计。研究结果表明高效的服务质量直接影响着顾客满意度的上升，并且独特的品牌效应也是收获顾客的重要手段。基于此，对于沃德健身房的建议是应着重地提升其服务的多样化、质量化以及持续化。
G8,李宁体育用品制造业服务化升级的经验与启示 随着供给侧结构性改革的进一步推进，思考需求端问题成为热点。文章以李宁体育用品制造业服务化升级方法为研究对象，运用文献资料法、逻辑分析法、案例分析法等研究方法，分析了体育用品服务化转型的现实意义；以李宁（中国）体育用品有限公司为例剖析其制造业服务化转型的经验。在此基础上，提出推进体育用品服务化升级的发展启示，旨在帮助中国体育品牌制造业转型升级，促进体育用品供给侧结构性改革和高质量发展。
G8,乡村体育在乡村振兴中的作用及其发展路径——以贵州黔东南地区“村BA”为例 习近平总书记在党的二十大报告中提出“促进群众体育和竞技体育全面发展，加快建设体育强国，同时全面推进乡村振兴，加快构建新发展格局，着力推动高质量发展”的新要求。本文运用文献资料法和逻辑分析法，在乡村振兴战略的背景下，以贵州黔东南地区“村BA”为研究对象开展田野调查，深入分析在乡村地区体育助力乡村振兴的历程，以及乡村体育对社会团结的影响力，进一步提出这种“村BA”模式下乡村体育发展路径的研究目的。研究建议通过开展乡村体育活动，最终在广袤的农村地区掀起一股体育文化浪潮，增强群众的身体素质，提升群众的幸福感，借体育之力助推乡村全面振兴。
G8,“一带一路”倡议下武术在白俄罗斯的传播历程与动力研究 文章研究在“一带一路”倡议下武术在白俄罗斯的传播历程及其传播动力。首先，文章探讨白俄罗斯武术的起源和发展，特别是白俄罗斯武术联合会在推广武术方面的作用和影响。其次，着重分析了孔子学院在中白两国文化交流中的作用，特别是在推广武术方面的独特贡献。文章通过走访调查，揭示了白俄罗斯民众对武术的浓厚兴趣和参与度。武术在全球和白俄罗斯的文化传播特点，涵盖了武术的全球传播路径、武术典籍的翻译及其学术研究对理论发展和实践应用的影响。特别指出，武术在白俄罗斯受到欢迎，在“一带一路”倡议下推动文化交流。武术在深化中白两国文化交流甚或促进“一带一路”合作中发挥了重要作用，不仅加深了两国人民的相互理解和友谊，还为国际文化交流提供了宝贵经验，为推动中华优秀传统文化及其在全球范围的传播提供理论和实践参考，对于深化国际文化合作与交流具有重要意义。
G8,传播符号学视阈下中国体育新闻娱乐化现象研究——以改革开放40年为研究中心 传播符号作为体育新闻传播不可或缺的因素，历经数十年的发展，逐渐形成较为完整的体系。与此同时，伴随着体育事业的产业化、经济化发展，体育新闻娱乐化也逐渐发展成为体育新闻传播的一大主流趋势。文章运用文献资料法和逻辑分析法等研究方法，研究体育新闻中传播符号的演变，在此基础上分析体育新闻娱乐化现象的建构和发展历程，并对体育新闻娱乐化现象产生的问题进行分析。研究认为：体育新闻娱乐化存在降低媒体公信力、影响受众价值观、影响当事人利益等负面效应，针对出现的问题，结合传播符号发展趋势，提出打造具有中国特色的体育符号，提升传播受众及媒体素质，完善传播符号管控制度等一系列对策，为体育新闻的良性发展提供可行性建议。
